w,l,g_x,gs_x,cg,sho,sv,ipouts,h_x,er,hr_x,bb_x,so_x,baopp,era,ibb_x,wp,hbp_x,bk,bfp,gf,r_x,weight,height,career_length,HoF_nomination,"(1929.9, 1939.9]","(1939.9, 1949.9]","(1949.9, 1959.9]","(1959.9, 1969.9]","(1969.9, 1979.9]","(1979.9, 1989.9]","(1989.9, 1999.9]","(1999.9, 2009.9]","(2009.9, 2019.9]"
1.7777777777777777,2.0,36.77777777777778,0.0,0.0,0.0,7.666666666666667,112.33333333333333,32.888888888888886,17.77777777777778,4.555555555555555,20.333333333333332,37.77777777777778,0.2571111111111111,5.1944444444444455,2.4444444444444446,1.3333333333333333,1.7777777777777777,0.1111111111111111,163.88888888888889,15.666666666666666,18.77777777777778,220.0,75.0,4156.0,0.0,0,0,0,0,0,0,0,1,0
1.9090909090909092,1.8181818181818181,37.09090909090909,0.0,0.0,0.0,0.36363636363636365,111.0909090909091,28.727272727272727,9.909090909090908,3.0,11.454545454545455,37.18181818181818,0.2233636363636364,3.271818181818182,1.0909090909090908,0.6363636363636364,0.5454545454545454,0.0,150.27272727272728,5.454545454545454,11.090909090909092,210.0,77.0,3775.0,0.0,0,0,0,0,0,0,0,1,0
2.8666666666666667,3.066666666666667,51.6,2.8,0.0,0.0,1.8666666666666667,185.2,60.266666666666666,27.2,5.066666666666666,26.4,48.0,0.25473333333333337,4.101333333333334,2.7333333333333334,3.6666666666666665,2.8,0.6,268.93333333333334,10.8,30.333333333333332,225.0,76.0,4929.0,0.0,0,0,0,0,0,0,0,1,0
2.4545454545454546,2.8181818181818183,35.81818181818182,2.090909090909091,0.0,0.0,0.0,150.72727272727272,50.09090909090909,23.454545454545453,4.818181818181818,21.545454545454547,35.36363636363637,0.2557272727272727,3.6563636363636363,2.1818181818181817,2.0,2.090909090909091,0.0,218.45454545454547,8.0,25.454545454545453,225.0,73.0,3356.0,0.0,0,0,0,0,0,0,0,0,1
3.25,2.5,12.75,10.25,0.0,0.0,0.25,181.5,49.5,26.25,8.0,32.5,67.25,0.1875,4.824999999999999,0.5,5.0,3.0,0.5,259.75,0.25,29.75,210.0,73.0,5038.0,0.0,0,0,0,0,0,0,0,1,0
9.666666666666666,8.733333333333333,27.0,24.6,1.0666666666666667,0.4,0.06666666666666667,472.93333333333334,160.86666666666667,73.33333333333333,21.6,42.8,101.73333333333333,0.2624666666666666,4.1866666666666665,3.8666666666666667,2.7333333333333334,6.866666666666666,0.4,667.7333333333333,0.4,80.06666666666666,185.0,75.0,5116.0,0.0,0,0,0,0,0,0,0,1,0
1.8888888888888888,1.2222222222222223,33.111111111111114,0.1111111111111111,0.0,0.0,0.3333333333333333,115.55555555555556,36.333333333333336,15.555555555555555,3.888888888888889,9.88888888888889,28.11111111111111,0.2573333333333333,4.188888888888889,1.2222222222222223,2.3333333333333335,0.5555555555555556,0.0,158.55555555555554,6.777777777777778,17.22222222222222,200.0,74.0,3978.0,0.0,0,0,0,0,0,0,0,0,1
3.1666666666666665,3.9166666666666665,44.5,0.0,0.0,0.0,1.5833333333333333,138.58333333333334,48.416666666666664,17.166666666666668,4.5,11.583333333333334,30.583333333333332,0.2946666666666667,4.6066666666666665,2.0,0.9166666666666666,2.9166666666666665,0.16666666666666666,195.0,13.416666666666666,19.416666666666668,205.0,74.0,3835.0,0.0,0,0,0,0,0,0,0,1,0
3.6363636363636362,5.181818181818182,48.45454545454545,2.3636363636363638,0.09090909090909091,0.0,10.363636363636363,190.0909090909091,59.27272727272727,29.90909090909091,6.454545454545454,26.181818181818183,45.90909090909091,0.24581818181818182,4.462727272727273,2.5454545454545454,2.1818181818181817,4.545454545454546,0.2727272727272727,273.90909090909093,25.363636363636363,33.27272727272727,225.0,75.0,3716.0,0.0,0,0,0,0,0,0,0,1,0
6.6,5.3,19.3,17.2,0.4,0.2,0.0,319.4,108.9,50.4,14.5,24.5,83.9,0.2568,4.423,1.3,2.2,2.7,0.0,443.8,1.5,51.8,215.0,76.0,3647.0,0.0,0,0,0,0,0,0,0,1,0
2.3076923076923075,1.7692307692307692,41.07692307692308,0.07692307692307693,0.0,0.0,6.461538461538462,124.53846153846153,31.23076923076923,16.076923076923077,3.6153846153846154,19.384615384615383,43.92307692307692,0.23292307692307695,5.826923076923077,1.0769230769230769,2.0,0.6153846153846154,0.07692307692307693,172.3846153846154,15.615384615384615,16.53846153846154,200.0,74.0,5018.0,0.0,0,0,0,0,0,0,0,1,0
4.857142857142857,5.476190476190476,31.333333333333332,11.80952380952381,0.5238095238095238,0.23809523809523808,1.9523809523809523,279.4761904761905,96.23809523809524,46.38095238095238,9.238095238095237,42.80952380952381,59.523809523809526,0.26020000000000004,5.1780952380952385,2.761904761904762,4.857142857142857,3.761904761904762,0.2857142857142857,411.57142857142856,7.809523809523809,51.857142857142854,210.0,73.0,7458.0,0.0,0,0,0,0,0,0,0,1,0
9.2,7.066666666666666,22.333333333333332,22.133333333333333,0.8,0.4,0.0,410.2,126.46666666666667,58.93333333333333,15.866666666666667,41.93333333333333,126.73333333333333,0.2426,3.792,1.8666666666666667,3.933333333333333,5.066666666666666,0.2,571.9333333333333,0.06666666666666667,63.8,230.0,77.0,4716.0,0.0,0,0,0,0,0,0,0,1,0
5.916666666666667,6.833333333333333,20.083333333333332,19.166666666666668,0.08333333333333333,0.08333333333333333,0.08333333333333333,325.9166666666667,103.5,48.166666666666664,10.916666666666666,44.416666666666664,103.83333333333333,0.2701666666666666,4.778333333333333,0.3333333333333333,2.9166666666666665,3.5,0.3333333333333333,468.1666666666667,0.3333333333333333,53.583333333333336,195.0,73.0,4469.0,0.0,0,0,0,0,0,0,0,1,0
2.0714285714285716,2.4285714285714284,48.285714285714285,1.6428571428571428,0.0,0.0,0.35714285714285715,145.71428571428572,51.357142857142854,21.928571428571427,4.714285714285714,19.428571428571427,27.071428571428573,0.3038571428571429,6.613571428571428,3.7142857142857144,1.8571428571428572,1.5714285714285714,0.5,211.21428571428572,9.214285714285714,23.642857142857142,205.0,75.0,5291.0,0.0,0,0,0,0,0,0,0,1,0
4.083333333333333,4.583333333333333,46.5,3.6666666666666665,0.08333333333333333,0.0,0.4166666666666667,197.0,73.66666666666667,31.666666666666668,6.833333333333333,16.5,50.0,0.28658333333333336,4.4225,2.6666666666666665,2.25,2.5833333333333335,0.25,282.75,8.666666666666666,34.666666666666664,225.0,76.0,4408.0,0.0,0,0,0,0,0,0,0,1,0
3.4545454545454546,2.909090909090909,53.63636363636363,0.0,0.0,0.0,15.272727272727273,171.45454545454547,53.09090909090909,22.181818181818183,4.363636363636363,19.454545454545453,57.90909090909091,0.2578181818181818,3.925454545454546,1.9090909090909092,2.4545454545454546,1.4545454545454546,0.09090909090909091,239.54545454545453,26.545454545454547,23.454545454545453,235.0,75.0,3539.0,0.0,0,0,0,0,0,0,0,1,0
3.857142857142857,3.0,47.214285714285715,3.9285714285714284,0.0,0.0,3.5714285714285716,207.92857142857142,57.357142857142854,29.571428571428573,8.357142857142858,27.928571428571427,68.57142857142857,0.22535714285714284,4.108571428571429,1.3571428571428572,2.5714285714285716,2.142857142857143,0.14285714285714285,291.5,11.857142857142858,31.428571428571427,250.0,76.0,5167.0,0.0,0,0,0,0,0,0,0,1,0
2.923076923076923,2.8461538461538463,52.30769230769231,0.0,0.0,0.0,5.769230769230769,158.23076923076923,45.84615384615385,19.692307692307693,5.461538461538462,12.615384615384615,55.69230769230769,0.22876923076923078,3.3892307692307693,3.076923076923077,1.3076923076923077,0.07692307692307693,0.3076923076923077,214.3846153846154,18.53846153846154,21.076923076923077,215.0,74.0,4423.0,0.0,0,0,0,0,0,0,0,1,0
9.222222222222221,7.111111111111111,25.11111111111111,21.88888888888889,0.4444444444444444,0.2222222222222222,0.0,404.1111111111111,129.11111111111111,55.666666666666664,10.222222222222221,55.44444444444444,116.88888888888889,0.2668888888888889,3.827777777777778,3.5555555555555554,5.555555555555555,4.888888888888889,0.0,578.0,0.7777777777777778,60.55555555555556,240.0,73.0,3320.0,0.0,0,0,0,0,0,0,0,0,1
1.5,1.5,13.666666666666666,4.333333333333333,0.0,0.0,0.0,96.33333333333333,31.5,18.666666666666668,5.5,13.5,22.0,0.28350000000000003,6.626666666666666,0.8333333333333334,2.8333333333333335,0.8333333333333334,0.8333333333333334,138.16666666666666,1.8333333333333333,19.666666666666668,190.0,75.0,3361.0,0.0,0,0,0,0,0,0,0,0,1
6.571428571428571,6.5,21.5,18.0,0.5714285714285714,0.21428571428571427,0.14285714285714285,352.14285714285717,127.71428571428571,57.857142857142854,14.714285714285714,30.571428571428573,83.21428571428571,0.2696428571428572,4.432142857142858,2.7142857142857144,2.642857142857143,2.7142857142857144,0.21428571428571427,502.42857142857144,1.6428571428571428,61.57142857142857,215.0,75.0,4029.0,0.0,0,0,0,0,0,0,0,1,0
6.9,8.1,22.5,20.0,0.6,0.2,0.0,369.3,130.3,67.2,15.4,43.1,96.1,0.2806,5.404999999999999,2.6,5.1,4.1,0.5,534.9,0.5,72.7,210.0,72.0,3825.0,0.0,0,0,0,0,0,0,0,1,0
0.42857142857142855,1.0,13.0,0.42857142857142855,0.0,0.0,0.14285714285714285,63.57142857142857,25.714285714285715,15.428571428571429,2.7142857142857144,9.428571428571429,15.142857142857142,0.32942857142857146,8.337142857142856,0.5714285714285714,1.4285714285714286,0.8571428571428571,0.14285714285714285,97.71428571428571,4.714285714285714,16.0,210.0,77.0,3566.0,0.0,0,0,0,0,0,0,0,1,0
1.0909090909090908,1.9090909090909092,30.272727272727273,0.0,0.0,0.0,0.2727272727272727,92.54545454545455,31.181818181818183,14.454545454545455,2.1818181818181817,11.0,20.363636363636363,0.33636363636363636,11.052727272727273,0.9090909090909091,1.4545454545454546,1.0,0.0,132.45454545454547,7.545454545454546,16.90909090909091,225.0,75.0,3765.0,0.0,0,0,0,0,0,0,0,1,0
1.6923076923076923,2.076923076923077,40.30769230769231,0.15384615384615385,0.0,0.0,0.6153846153846154,120.3076923076923,36.46153846153846,14.76923076923077,3.923076923076923,16.0,31.692307692307693,0.24084615384615388,3.370769230769231,1.2307692307692308,1.6923076923076923,1.1538461538461537,0.38461538461538464,169.69230769230768,9.538461538461538,16.923076923076923,185.0,73.0,3724.0,0.0,0,0,0,0,0,0,0,0,1
2.7857142857142856,2.5,43.42857142857143,0.0,0.0,0.0,8.428571428571429,128.5,36.07142857142857,15.357142857142858,3.0,16.642857142857142,48.92857142857143,0.23621428571428574,3.627857142857143,1.9285714285714286,1.3571428571428572,1.2142857142857142,0.0,178.5,19.357142857142858,17.214285714285715,305.0,76.0,3717.0,0.0,0,0,0,0,0,0,0,0,1
13.375,10.0,32.375,30.8125,2.0625,0.625,0.0,615.625,217.0,86.9375,22.5625,45.875,116.875,0.2734375,3.8400000000000007,3.0625,1.6875,4.9375,1.0,856.5625,0.375,96.375,240.0,74.0,5558.0,0.0,0,0,0,0,0,0,0,1,0
9.647058823529411,9.235294117647058,25.58823529411765,25.294117647058822,1.411764705882353,0.5882352941176471,0.0,482.0,148.1764705882353,71.17647058823529,15.470588235294118,64.70588235294117,147.8235294117647,0.2300588235294117,4.015882352941176,2.0588235294117645,9.470588235294118,8.411764705882353,0.35294117647058826,686.1764705882352,0.058823529411764705,78.11764705882354,230.0,76.0,5891.0,0.0,0,0,0,0,0,0,0,1,0
1.6666666666666667,2.5555555555555554,41.111111111111114,1.4444444444444444,0.1111111111111111,0.1111111111111111,1.1111111111111112,124.22222222222223,39.22222222222222,16.22222222222222,4.0,16.333333333333332,30.444444444444443,0.25144444444444447,4.311111111111111,2.6666666666666665,1.8888888888888888,1.4444444444444444,0.0,177.0,7.555555555555555,16.88888888888889,180.0,73.0,3649.0,0.0,0,0,0,0,0,0,0,0,1
0.0,0.0,1.0,0.0,0.0,0.0,0.0,3.0,4.0,3.0,1.0,0.0,0.0,0.5710000000000001,27.0,0.0,0.0,0.0,0.0,7.0,1.0,3.0,195.0,73.0,3681.0,0.0,0,0,0,0,0,0,0,1,0
1.0833333333333333,1.0833333333333333,39.916666666666664,0.0,0.0,0.0,0.3333333333333333,84.91666666666667,25.666666666666668,13.666666666666666,3.8333333333333335,16.916666666666668,27.166666666666668,0.24036363636363636,5.924166666666667,1.5833333333333333,1.5,0.8333333333333334,0.08333333333333333,127.08333333333333,4.666666666666667,15.166666666666666,190.0,71.0,5529.0,0.0,0,0,0,0,0,0,0,1,0
8.818181818181818,9.0,26.727272727272727,26.454545454545453,1.3636363636363635,0.5454545454545454,0.0,510.54545454545456,144.45454545454547,65.63636363636364,16.09090909090909,57.36363636363637,140.63636363636363,0.22845454545454544,3.5963636363636358,3.1818181818181817,5.636363636363637,4.909090909090909,0.36363636363636365,703.0909090909091,0.09090909090909091,69.72727272727273,230.0,75.0,3688.0,0.0,0,0,0,0,0,0,0,0,1
2.6363636363636362,3.0,49.18181818181818,0.0,0.0,0.0,1.0909090909090908,161.54545454545453,62.0,26.363636363636363,5.909090909090909,16.0,36.63636363636363,0.3143636363636364,4.825454545454545,3.6363636363636362,1.2727272727272727,3.1818181818181817,0.2727272727272727,234.45454545454547,13.0,29.181818181818183,205.0,73.0,3684.0,0.0,0,0,0,0,0,0,0,1,0
6.333333333333333,7.583333333333333,25.0,18.75,0.3333333333333333,0.25,0.0,351.4166666666667,121.5,57.083333333333336,15.75,37.333333333333336,97.66666666666667,0.2688333333333333,4.666666666666666,2.75,4.5,4.583333333333333,0.5,504.75,1.5,62.083333333333336,220.0,75.0,4536.0,0.0,0,0,0,0,0,0,0,1,0
1.4444444444444444,1.4444444444444444,16.666666666666668,3.0,0.0,0.0,0.1111111111111111,97.44444444444444,33.111111111111114,18.555555555555557,4.777777777777778,11.88888888888889,25.77777777777778,0.2497777777777778,7.196666666666666,2.111111111111111,1.4444444444444444,0.6666666666666666,0.1111111111111111,139.44444444444446,3.111111111111111,19.88888888888889,210.0,75.0,5734.0,0.0,0,0,0,0,0,0,0,1,0
6.363636363636363,8.909090909090908,24.363636363636363,19.727272727272727,0.7272727272727273,0.2727272727272727,0.09090909090909091,368.0,127.18181818181819,62.45454545454545,13.0,45.81818181818182,75.18181818181819,0.27490909090909094,4.968181818181818,2.272727272727273,3.3636363636363638,7.454545454545454,0.45454545454545453,532.8181818181819,2.0,68.9090909090909,230.0,76.0,3382.0,0.0,0,0,0,0,0,0,0,0,1
9.6,6.266666666666667,23.333333333333332,22.133333333333333,2.2,1.0,0.0,443.8666666666667,147.0,61.8,14.666666666666666,41.8,113.13333333333334,0.25064285714285717,4.048666666666667,1.5333333333333334,3.4,5.666666666666667,0.2,620.3333333333334,0.4,68.06666666666666,230.0,78.0,5622.0,0.0,0,0,0,0,0,0,0,1,0
2.6666666666666665,2.3333333333333335,32.22222222222222,2.6666666666666665,0.1111111111111111,0.0,0.2222222222222222,164.55555555555554,58.44444444444444,27.444444444444443,5.0,22.11111111111111,35.0,0.2778888888888889,4.734444444444445,2.3333333333333335,3.111111111111111,3.888888888888889,0.4444444444444444,240.55555555555554,8.333333333333334,29.88888888888889,215.0,76.0,3332.0,0.0,0,0,0,0,0,0,0,1,0
0.0,0.0,1.0,0.0,0.0,0.0,0.0,3.0,0.0,0.0,0.0,0.0,0.0,0.0,0.0,0.0,0.0,0.0,0.0,3.0,1.0,0.0,175.0,70.0,4034.0,0.0,0,0,0,0,0,0,0,0,1
3.727272727272727,3.6818181818181817,18.181818181818183,10.318181818181818,0.18181818181818182,0.045454545454545456,0.045454545454545456,208.9090909090909,71.72727272727273,35.72727272727273,11.681818181818182,24.818181818181817,51.81818181818182,0.2703333333333333,5.043181818181818,1.8181818181818181,1.3636363636363635,2.0454545454545454,0.13636363636363635,300.8636363636364,2.5454545454545454,38.59090909090909,215.0,74.0,6094.0,0.0,0,0,0,0,0,0,0,1,0
1.0,0.875,42.0,0.0,0.0,0.0,0.4375,76.5,21.875,11.0625,1.25,10.9375,21.75,0.2935,4.391333333333333,2.0,1.0,2.8125,0.0625,109.375,6.375,12.375,205.0,73.0,5571.0,0.0,0,0,0,0,0,0,0,1,0
11.473684210526315,8.105263157894736,25.0,24.57894736842105,1.894736842105263,0.6842105263157895,0.0,470.63157894736844,159.42105263157896,69.15789473684211,18.68421052631579,45.05263157894737,117.73684210526316,0.2546666666666666,4.073157894736842,2.3157894736842106,2.210526315789474,3.0,0.2631578947368421,662.5263157894736,0.05263157894736842,75.21052631578948,285.0,71.0,6757.0,0.0,0,0,0,0,0,0,0,1,0
6.0,5.153846153846154,23.0,13.461538461538462,0.38461538461538464,0.23076923076923078,0.6923076923076923,270.6923076923077,90.46153846153847,45.76923076923077,10.076923076923077,32.84615384615385,68.38461538461539,0.2611538461538462,4.67,1.1538461538461537,5.538461538461538,4.769230769230769,0.15384615384615385,391.3076923076923,2.8461538461538463,50.76923076923077,255.0,76.0,3710.0,0.0,0,0,0,0,0,0,0,1,0
6.909090909090909,7.181818181818182,23.272727272727273,20.363636363636363,1.0909090909090908,0.2727272727272727,0.0,383.54545454545456,148.72727272727272,65.36363636363636,11.454545454545455,39.0,52.54545454545455,0.2968181818181818,4.703636363636364,4.090909090909091,3.3636363636363638,4.363636363636363,0.18181818181818182,556.4545454545455,0.45454545454545453,70.54545454545455,215.0,75.0,3702.0,0.0,0,0,0,0,0,0,0,1,0
2.9375,3.3125,50.0,0.0,0.0,0.0,20.5625,154.625,46.9375,19.375,4.0,23.4375,49.75,0.24487499999999995,4.350625,1.875,2.3125,1.6875,0.1875,221.9375,35.9375,21.375,245.0,75.0,4748.0,0.0,0,0,0,0,0,0,0,1,0
5.428571428571429,7.0,25.571428571428573,15.785714285714286,0.14285714285714285,0.07142857142857142,0.0,306.14285714285717,112.07142857142857,52.42857142857143,12.785714285714286,33.857142857142854,64.71428571428571,0.28864285714285715,5.096428571428571,2.142857142857143,2.2857142857142856,2.7857142857142856,0.2857142857142857,444.7857142857143,2.2142857142857144,56.357142857142854,200.0,75.0,4377.0,0.0,0,0,0,0,0,0,0,1,0
1.9090909090909092,2.1818181818181817,43.90909090909091,0.45454545454545453,0.0,0.0,0.36363636363636365,120.9090909090909,36.81818181818182,17.727272727272727,5.2727272727272725,17.636363636363637,38.27272727272727,0.25209090909090914,4.546363636363636,1.9090909090909092,2.3636363636363638,2.0,0.18181818181818182,174.36363636363637,7.636363636363637,18.90909090909091,200.0,74.0,4435.0,0.0,0,0,0,0,0,0,0,1,0
3.1666666666666665,3.0,37.25,3.1666666666666665,0.0,0.0,0.5,163.75,48.0,24.583333333333332,5.583333333333333,28.833333333333332,54.916666666666664,0.2530833333333333,4.090833333333334,1.5,1.9166666666666667,3.8333333333333335,0.16666666666666666,238.16666666666666,10.166666666666666,27.666666666666668,170.0,74.0,4016.0,0.0,0,0,0,0,0,0,0,1,0
0.0,0.0,1.0,0.0,0.0,0.0,0.0,3.0,2.0,0.0,0.0,1.0,0.0,0.4,0.0,0.0,0.0,0.0,0.0,6.0,1.0,0.0,220.0,74.0,5123.0,0.0,0,0,0,0,0,0,0,0,1
4.777777777777778,7.222222222222222,16.88888888888889,16.0,0.3333333333333333,0.0,0.0,256.77777777777777,97.66666666666667,53.0,11.0,40.77777777777778,60.77777777777778,0.29377777777777775,5.23888888888889,1.4444444444444444,4.666666666666667,2.4444444444444446,0.3333333333333333,387.55555555555554,0.3333333333333333,56.888888888888886,210.0,73.0,3613.0,0.0,0,0,0,0,0,0,0,1,0
6.133333333333334,7.2,20.4,19.066666666666666,0.4666666666666667,0.2,0.0,343.1333333333333,120.86666666666666,56.4,12.0,52.2,85.26666666666667,0.2647333333333333,7.132000000000001,1.8666666666666667,4.2,2.933333333333333,0.6666666666666666,506.46666666666664,0.26666666666666666,61.4,215.0,76.0,4341.0,0.0,0,0,0,0,0,0,0,1,0
7.153846153846154,5.769230769230769,21.46153846153846,16.692307692307693,0.15384615384615385,0.0,0.0,295.6923076923077,96.61538461538461,49.84615384615385,10.923076923076923,44.38461538461539,82.53846153846153,0.2689230769230769,5.267692307692308,2.3846153846153846,6.3076923076923075,3.5384615384615383,0.6153846153846154,428.7692307692308,1.3846153846153846,53.53846153846154,215.0,73.0,4050.0,0.0,0,0,0,0,0,0,0,1,0
7.333333333333333,7.388888888888889,32.166666666666664,19.5,0.6111111111111112,0.16666666666666666,4.833333333333333,397.8333333333333,130.38888888888889,64.11111111111111,14.833333333333334,59.5,115.27777777777777,0.23970588235294119,4.536666666666666,2.611111111111111,4.444444444444445,5.055555555555555,0.16666666666666666,578.4444444444445,10.333333333333334,69.44444444444444,215.0,74.0,5608.0,0.0,0,0,0,0,0,0,0,1,0
0.0,0.0,1.0,0.0,0.0,0.0,0.0,1.0,0.0,0.0,0.0,0.0,0.0,0.0,0.0,0.0,0.0,0.0,0.0,1.0,1.0,0.0,195.0,72.0,3679.0,0.0,0,0,0,0,0,0,0,0,1
7.6923076923076925,7.153846153846154,26.076923076923077,18.46153846153846,1.1538461538461537,0.46153846153846156,0.15384615384615385,395.53846153846155,128.53846153846155,58.15384615384615,16.153846153846153,41.0,93.46153846153847,0.2797692307692307,5.656153846153845,1.6923076923076923,5.615384615384615,5.6923076923076925,0.6923076923076923,557.5384615384615,2.6153846153846154,63.0,215.0,75.0,5274.0,0.0,0,0,0,0,0,0,0,1,0
2.95,2.5,37.9,1.7,0.0,0.0,5.45,142.65,38.25,19.95,5.85,20.6,57.15,0.21825,4.587,1.95,2.3,2.05,0.2,201.2,15.25,21.55,230.0,72.0,5046.0,0.0,0,0,0,0,0,0,0,1,0
2.375,2.5,38.6875,3.125,0.0625,0.0625,1.6875,140.875,45.5625,18.5625,4.1875,17.4375,35.9375,0.267375,4.487500000000002,2.125,1.625,1.75,0.125,200.8125,7.0625,20.8125,215.0,74.0,5280.0,0.0,0,0,0,0,0,0,0,1,0
4.833333333333333,6.916666666666667,30.0,14.083333333333334,0.5,0.25,0.16666666666666666,301.3333333333333,117.91666666666667,49.166666666666664,10.166666666666666,28.75,58.75,0.27975,4.005833333333334,1.75,1.9166666666666667,2.5833333333333335,0.6666666666666666,436.4166666666667,3.1666666666666665,54.083333333333336,210.0,74.0,3745.0,0.0,0,0,0,0,0,0,0,0,1
0.0,0.0,1.0,0.0,0.0,0.0,0.0,3.0,2.0,1.0,0.0,1.0,0.0,0.4,9.0,0.0,0.0,0.0,0.0,6.0,1.0,1.0,285.0,78.0,4818.0,0.0,0,0,0,0,0,0,0,0,1
2.8666666666666667,3.1333333333333333,30.4,5.0,0.2,0.0,0.3333333333333333,167.26666666666668,59.86666666666667,31.133333333333333,8.2,24.333333333333332,38.46666666666667,0.26860000000000006,5.502666666666666,1.7333333333333334,2.3333333333333335,2.933333333333333,0.0,248.33333333333334,5.466666666666667,34.13333333333333,225.0,74.0,4995.0,0.0,0,0,0,0,0,0,0,1,0
1.8181818181818181,2.4545454545454546,14.0,5.545454545454546,0.09090909090909091,0.0,0.18181818181818182,115.45454545454545,44.54545454545455,22.545454545454547,2.8181818181818183,18.363636363636363,26.09090909090909,0.31200000000000006,6.420000000000001,1.3636363636363635,1.5454545454545454,3.0,0.09090909090909091,175.54545454545453,2.1818181818181817,23.363636363636363,235.0,73.0,3641.0,0.0,0,0,0,0,0,0,0,1,0
2.0476190476190474,3.142857142857143,42.523809523809526,1.2380952380952381,0.047619047619047616,0.047619047619047616,2.7142857142857144,141.23809523809524,44.95238095238095,22.285714285714285,6.285714285714286,19.61904761904762,45.857142857142854,0.2385238095238095,4.19857142857143,1.7619047619047619,2.0476190476190474,1.3333333333333333,0.47619047619047616,203.85714285714286,13.952380952380953,24.238095238095237,230.0,76.0,5536.0,0.0,0,0,0,0,0,0,0,1,0
5.333333333333333,6.083333333333333,23.416666666666668,14.833333333333334,0.3333333333333333,0.16666666666666666,0.0,299.5,103.16666666666667,49.083333333333336,10.833333333333334,32.083333333333336,61.083333333333336,0.26291666666666663,4.158333333333334,1.5833333333333333,3.9166666666666665,4.5,0.75,427.1666666666667,2.6666666666666665,54.083333333333336,220.0,79.0,3653.0,0.0,0,0,0,0,0,0,0,0,1
2.4444444444444446,2.3333333333333335,53.77777777777778,0.0,0.0,0.0,0.4444444444444444,127.88888888888889,40.333333333333336,15.777777777777779,3.3333333333333335,18.333333333333332,38.888888888888886,0.2592222222222222,3.9755555555555557,3.111111111111111,1.3333333333333333,2.4444444444444446,0.3333333333333333,185.22222222222223,8.88888888888889,17.444444444444443,195.0,70.0,4042.0,0.0,0,0,0,0,0,0,0,1,0
2.0,3.5,14.5,6.5,0.1,0.1,0.1,149.7,52.5,25.2,6.6,20.3,33.7,0.2726,4.949999999999999,2.1,2.2,2.6,0.0,220.7,1.8,27.3,185.0,73.0,3992.0,0.0,0,0,0,0,0,0,0,1,0
6.0,6.0,17.916666666666668,16.333333333333332,0.4166666666666667,0.08333333333333333,0.0,304.75,101.33333333333333,49.416666666666664,13.0,33.916666666666664,79.58333333333333,0.26458333333333334,4.7716666666666665,2.0,5.0,5.25,0.25,435.0,0.5833333333333334,54.166666666666664,245.0,76.0,4044.0,0.0,0,0,0,0,0,0,0,1,0
2.0,2.2,39.1,0.0,0.0,0.0,7.3,115.9,34.4,17.2,4.1,17.2,42.6,0.24489999999999998,4.911999999999999,1.4,2.8,0.8,0.3,166.7,18.5,18.1,250.0,74.0,3658.0,0.0,0,0,0,0,0,0,0,1,0
5.538461538461538,6.3076923076923075,19.53846153846154,16.692307692307693,0.23076923076923078,0.15384615384615385,0.07692307692307693,297.9230769230769,113.61538461538461,54.84615384615385,12.384615384615385,29.53846153846154,66.84615384615384,0.2836153846153846,5.30076923076923,3.6923076923076925,1.6153846153846154,3.8461538461538463,0.15384615384615385,434.2307692307692,1.3846153846153846,57.38461538461539,220.0,77.0,4057.0,0.0,0,0,0,0,0,0,0,0,1
0.0,0.0,1.0,0.0,0.0,0.0,0.0,6.0,1.0,2.0,1.0,3.0,1.0,0.16699999999999998,9.0,0.0,0.0,1.0,0.0,11.0,1.0,2.0,220.0,76.0,3741.0,0.0,0,0,0,0,0,0,0,0,1
4.769230769230769,5.846153846153846,40.92307692307692,8.153846153846153,0.46153846153846156,0.23076923076923078,6.461538461538462,277.15384615384613,94.61538461538461,42.46153846153846,13.307692307692308,27.153846153846153,51.38461538461539,0.24823076923076925,4.258461538461538,2.6153846153846154,1.5384615384615385,4.0,0.46153846153846156,393.3076923076923,15.846153846153847,45.23076923076923,190.0,75.0,4427.0,0.0,0,0,0,0,0,0,0,1,0
2.3333333333333335,2.3333333333333335,45.266666666666666,0.0,0.0,0.0,2.4,129.33333333333334,37.86666666666667,16.733333333333334,3.7333333333333334,18.866666666666667,41.0,0.23513333333333333,3.1839999999999997,2.1333333333333333,2.533333333333333,1.5333333333333334,0.26666666666666666,183.13333333333333,13.666666666666666,17.8,180.0,69.0,4124.0,0.0,0,0,0,0,0,0,0,0,1
1.8571428571428572,3.0714285714285716,46.42857142857143,0.0,0.0,0.0,14.571428571428571,131.42857142857142,36.785714285714285,17.642857142857142,4.571428571428571,18.428571428571427,45.642857142857146,0.22399999999999998,4.064285714285715,1.7857142857142858,2.2857142857142856,3.7142857142857144,0.14285714285714285,187.28571428571428,27.214285714285715,19.071428571428573,230.0,76.0,4085.0,0.0,0,0,0,0,0,0,0,1,0
9.176470588235293,6.352941176470588,22.11764705882353,21.0,0.7058823529411765,0.23529411764705882,0.0,399.52941176470586,131.94117647058823,61.470588235294116,16.764705882352942,41.64705882352941,95.3529411764706,0.2417647058823529,4.194705882352942,2.4705882352941178,5.588235294117647,3.9411764705882355,0.5294117647058824,564.4117647058823,0.7647058823529411,64.76470588235294,250.0,76.0,5284.0,0.0,0,0,0,0,0,0,0,1,0
3.0,1.75,42.0,0.0,0.0,0.0,8.0,124.25,35.5,14.5,3.5,18.0,36.583333333333336,0.22791666666666668,4.565833333333335,2.5,3.75,1.9166666666666667,0.08333333333333333,176.08333333333334,17.333333333333332,15.833333333333334,210.0,72.0,4072.0,0.0,0,0,0,0,0,0,0,1,0
9.714285714285714,8.928571428571429,26.071428571428573,24.428571428571427,0.7857142857142857,0.42857142857142855,0.07142857142857142,461.0,161.42857142857142,74.64285714285714,18.785714285714285,51.642857142857146,82.57142857142857,0.27549999999999997,4.421428571428572,2.7857142857142856,3.5714285714285716,4.5,0.07142857142857142,656.9285714285714,0.6428571428571429,82.07142857142857,210.0,78.0,4719.0,0.0,0,0,0,0,0,0,0,1,0
7.363636363636363,8.090909090909092,22.454545454545453,22.09090909090909,0.9090909090909091,0.36363636363636365,0.09090909090909091,407.54545454545456,131.1818181818182,60.27272727272727,15.454545454545455,45.45454545454545,111.9090909090909,0.2571818181818182,4.096363636363637,1.9090909090909092,4.181818181818182,4.181818181818182,0.45454545454545453,577.0909090909091,0.2727272727272727,67.0,215.0,76.0,3312.0,0.0,0,0,0,0,0,0,0,0,1
3.2142857142857144,3.142857142857143,24.571428571428573,6.214285714285714,0.07142857142857142,0.0,0.14285714285714285,179.21428571428572,61.357142857142854,29.5,6.571428571428571,27.285714285714285,48.07142857142857,0.28778571428571437,5.352142857142858,2.0714285714285716,1.8571428571428572,2.7857142857142856,0.5714285714285714,264.57142857142856,5.714285714285714,32.785714285714285,190.0,70.0,3668.0,0.0,0,0,0,0,0,0,0,1,0
1.0,3.0,9.6,4.8,0.0,0.0,0.0,99.0,36.8,19.8,4.1,10.7,20.9,0.3079,6.125,1.0,1.0,2.6,0.0,146.6,1.9,21.5,210.0,74.0,3643.0,0.0,0,0,0,0,0,0,0,1,0
0.0,0.0,1.0,0.0,0.0,0.0,0.0,3.0,0.0,0.0,0.0,2.0,0.0,0.0,0.0,0.0,0.0,0.0,0.0,4.0,1.0,0.0,190.0,73.0,4041.0,0.0,0,0,0,0,0,0,0,1,0
0.0,0.0,1.0,0.0,0.0,0.0,0.0,3.0,3.0,2.0,1.0,0.0,1.0,0.6,18.0,0.0,0.0,0.0,0.0,6.0,1.0,2.0,230.0,73.0,4405.0,0.0,0,0,0,0,0,0,0,0,1
1.5454545454545454,2.4545454545454546,11.0,4.2727272727272725,0.0,0.0,0.0,100.36363636363636,40.45454545454545,22.0,5.909090909090909,11.818181818181818,21.545454545454547,0.3572727272727273,15.646363636363633,1.4545454545454546,2.0,2.0,0.18181818181818182,150.9090909090909,2.090909090909091,22.818181818181817,210.0,74.0,3646.0,0.0,0,0,0,0,0,0,0,1,0
1.4166666666666667,2.0,42.416666666666664,0.0,0.0,0.0,4.666666666666667,111.08333333333333,30.916666666666668,12.916666666666666,3.5,17.083333333333332,42.583333333333336,0.22475,3.5916666666666663,1.8333333333333333,2.25,1.3333333333333333,0.08333333333333333,158.5,15.416666666666666,14.75,200.0,74.0,3701.0,0.0,0,0,0,0,0,0,0,1,0
4.083333333333333,4.416666666666667,25.583333333333332,10.083333333333334,0.08333333333333333,0.08333333333333333,0.16666666666666666,220.16666666666666,73.83333333333333,35.416666666666664,8.083333333333334,31.833333333333332,59.166666666666664,0.26308333333333334,4.905,1.5,2.1666666666666665,2.75,0.25,321.3333333333333,3.5,37.916666666666664,210.0,74.0,3661.0,0.0,0,0,0,0,0,0,0,0,1
0.0,0.0,1.0,0.0,0.0,0.0,0.0,6.0,0.0,0.0,0.0,3.0,0.0,0.0,0.0,0.0,0.0,0.0,0.0,9.0,1.0,0.0,190.0,71.0,3298.0,0.0,0,0,0,0,0,0,0,1,0
2.3076923076923075,3.5384615384615383,45.69230769230769,0.6153846153846154,0.0,0.0,13.615384615384615,166.23076923076923,51.76923076923077,26.076923076923077,6.0,25.307692307692307,50.84615384615385,0.25046153846153846,4.983076923076923,1.6153846153846154,4.0,2.230769230769231,0.07692307692307693,241.84615384615384,29.384615384615383,28.076923076923077,245.0,78.0,4289.0,0.0,0,0,0,0,0,0,0,1,0
10.923076923076923,7.153846153846154,28.0,24.846153846153847,1.0769230769230769,0.3076923076923077,0.07692307692307693,483.38461538461536,151.69230769230768,59.92307692307692,15.0,39.07692307692308,145.15384615384616,0.251,3.4861538461538455,1.3076923076923077,5.153846153846154,4.538461538461538,0.38461538461538464,662.4615384615385,0.6153846153846154,64.6923076923077,195.0,72.0,4151.0,0.0,0,0,0,0,0,0,0,1,0
1.5625,2.25,30.125,1.0,0.0625,0.0,4.625,109.8125,34.625,16.625,3.375,15.125,35.3125,0.2585,4.227499999999999,1.5625,1.5625,1.9375,0.0,158.375,10.375,17.5625,230.0,76.0,5539.0,0.0,0,0,0,0,0,0,0,1,0
2.25,2.9166666666666665,46.25,0.25,0.0,0.0,0.5,155.75,48.333333333333336,20.333333333333332,5.75,17.166666666666668,34.25,0.24683333333333335,3.685,2.4166666666666665,2.5,1.5833333333333333,0.0,218.16666666666666,10.25,21.916666666666668,195.0,75.0,3687.0,0.0,0,0,0,0,0,0,0,1,0
7.0,8.307692307692308,23.46153846153846,20.923076923076923,0.6153846153846154,0.15384615384615385,0.0,407.2307692307692,142.76923076923077,65.92307692307692,19.23076923076923,38.92307692307692,80.46153846153847,0.27776923076923077,4.751538461538461,1.2307692307692308,2.5384615384615383,6.769230769230769,0.38461538461538464,580.4615384615385,0.9230769230769231,70.76923076923077,205.0,73.0,4046.0,0.0,0,0,0,0,0,0,0,1,0
12.6875,6.5625,26.0,24.375,4.1875,1.25,0.0625,515.5,165.375,64.625,14.75,37.0,132.3125,0.23873333333333338,3.813125,1.75,3.5,5.0625,0.5625,705.4375,0.375,70.9375,225.0,78.0,5482.0,0.0,0,0,0,0,0,0,0,1,0
0.0,0.0,1.0,0.0,0.0,0.0,0.0,3.0,0.0,0.0,0.0,0.0,0.0,0.0,0.0,0.0,0.0,0.0,0.0,3.0,1.0,0.0,210.0,72.0,3561.0,0.0,0,0,0,0,0,0,0,0,1
11.0,8.272727272727273,27.90909090909091,27.818181818181817,1.3636363636363635,0.6363636363636364,0.0,549.1818181818181,163.0909090909091,67.36363636363636,20.181818181818183,46.81818181818182,174.72727272727272,0.23827272727272727,3.3763636363636365,3.6363636363636362,3.5454545454545454,5.0,0.9090909090909091,746.9090909090909,0.0,71.45454545454545,200.0,75.0,3432.0,0.0,0,0,0,0,0,0,0,0,1
6.2727272727272725,7.0,25.09090909090909,19.818181818181817,0.18181818181818182,0.09090909090909091,0.36363636363636365,364.45454545454544,126.72727272727273,60.63636363636363,14.818181818181818,38.81818181818182,95.18181818181819,0.27109090909090905,4.708181818181817,2.1818181818181817,5.2727272727272725,4.545454545454546,0.45454545454545453,522.4545454545455,2.4545454545454546,64.54545454545455,225.0,78.0,3460.0,0.0,0,0,0,0,0,0,0,0,1
8.0,8.9375,24.1875,23.8125,0.9375,0.5,0.0,435.375,152.8125,68.6875,18.625,44.5,115.125,0.272875,4.4312499999999995,3.375,4.75,3.9375,0.1875,623.4375,0.125,73.5625,260.0,79.0,4879.0,0.0,0,0,0,0,0,0,0,1,0
10.2,8.733333333333333,26.066666666666666,25.333333333333332,1.0666666666666667,0.4,0.06666666666666667,483.93333333333334,157.13333333333333,67.26666666666667,20.333333333333332,33.333333333333336,134.2,0.25586666666666663,3.8706666666666663,2.6,6.533333333333333,4.466666666666667,0.3333333333333333,668.1333333333333,0.26666666666666666,73.66666666666667,215.0,77.0,4479.0,0.0,0,0,0,0,0,0,0,1,0
3.125,3.9166666666666665,43.416666666666664,4.083333333333333,0.08333333333333333,0.0,5.291666666666667,183.41666666666666,66.95833333333333,29.25,6.791666666666667,19.0,40.958333333333336,0.25652173913043474,4.22125,1.4583333333333333,2.9166666666666665,0.875,0.2916666666666667,263.4583333333333,15.541666666666666,31.791666666666668,220.0,77.0,7462.0,0.0,0,0,0,0,0,0,0,1,0
5.2727272727272725,6.7272727272727275,29.818181818181817,15.090909090909092,0.45454545454545453,0.18181818181818182,0.09090909090909091,318.8181818181818,123.72727272727273,59.36363636363637,13.181818181818182,31.363636363636363,60.54545454545455,0.2883636363636363,4.834545454545454,2.909090909090909,2.8181818181818183,2.3636363636363638,0.45454545454545453,466.54545454545456,2.5454545454545454,65.72727272727273,240.0,81.0,3309.0,0.0,0,0,0,0,0,0,0,1,0
13.0,9.181818181818182,30.363636363636363,30.363636363636363,2.272727272727273,1.0,0.0,617.0,183.54545454545453,71.18181818181819,16.727272727272727,57.27272727272727,194.72727272727272,0.2379090909090909,3.141818181818181,1.4545454545454546,11.454545454545455,6.454545454545454,0.6363636363636364,841.0,0.0,79.0909090909091,225.0,75.0,3705.0,0.0,0,0,0,0,0,0,0,0,1
8.090909090909092,8.045454545454545,23.59090909090909,21.545454545454547,2.272727272727273,0.4090909090909091,0.045454545454545456,434.8636363636364,160.22727272727272,71.45454545454545,16.454545454545453,48.45454545454545,89.81818181818181,0.2595714285714286,4.559545454545455,3.909090909090909,1.8636363636363635,3.5454545454545454,0.5909090909090909,628.0,0.7727272727272727,76.63636363636364,245.0,74.0,5849.0,0.0,0,0,0,0,0,0,0,1,0
2.1666666666666665,1.9166666666666667,16.75,6.166666666666667,0.25,0.16666666666666666,0.0,125.0,36.916666666666664,21.0,5.0,19.333333333333332,40.583333333333336,0.29483333333333334,3.6809090909090902,1.25,1.1666666666666667,1.9166666666666667,0.25,179.66666666666666,1.0833333333333333,22.25,220.0,77.0,3760.0,0.0,0,0,0,0,0,0,0,0,1
3.4,2.8,46.7,3.3,0.0,0.0,2.2,167.4,49.2,23.2,5.3,24.8,51.6,0.24130000000000001,3.899,1.2,3.1,2.9,0.4,238.3,9.7,25.4,180.0,72.0,3767.0,0.0,0,0,0,0,0,0,0,0,1
13.058823529411764,7.823529411764706,28.352941176470587,28.176470588235293,1.5294117647058822,0.7647058823529411,0.0,551.7647058823529,173.94117647058823,71.3529411764706,14.588235294117647,53.94117647058823,122.3529411764706,0.23929411764705885,3.5347058823529407,4.9411764705882355,4.9411764705882355,7.294117647058823,0.35294117647058826,765.0,0.0,77.58823529411765,175.0,73.0,5959.0,0.0,0,0,0,0,0,0,0,1,0
3.0,3.235294117647059,42.588235294117645,3.0588235294117645,0.17647058823529413,0.058823529411764705,17.647058823529413,177.8235294117647,53.0,24.0,5.0,25.705882352941178,48.8235294117647,0.2129375,3.655882352941176,2.5294117647058822,3.1176470588235294,2.0,0.11764705882352941,254.23529411764707,29.352941176470587,26.470588235294116,235.0,75.0,6274.0,0.0,0,0,0,0,0,0,0,1,0
5.5,6.6875,21.25,16.375,0.3125,0.1875,0.0625,307.5625,108.5,52.1875,11.25,40.0,79.1875,0.26693749999999994,4.539375,2.0625,5.5,2.0625,0.4375,446.25,1.6875,56.75,210.0,75.0,4408.0,0.0,0,0,0,0,0,0,0,1,0
3.4444444444444446,3.2222222222222223,48.55555555555556,2.4444444444444446,0.0,0.0,10.0,177.66666666666666,57.55555555555556,23.88888888888889,5.777777777777778,14.333333333333334,43.888888888888886,0.2521111111111111,3.6877777777777774,1.4444444444444444,1.7777777777777777,2.7777777777777777,0.3333333333333333,247.44444444444446,22.11111111111111,25.666666666666668,205.0,76.0,3446.0,0.0,0,0,0,0,0,0,0,0,1
0.2857142857142857,0.42857142857142855,13.857142857142858,0.42857142857142855,0.0,0.0,0.0,44.714285714285715,13.714285714285714,6.714285714285714,1.4285714285714286,6.428571428571429,11.428571428571429,0.23614285714285718,4.6571428571428575,0.0,1.1428571428571428,0.2857142857142857,0.14285714285714285,63.0,3.857142857142857,6.714285714285714,215.0,72.0,3307.0,0.0,0,0,0,0,0,0,0,0,1
9.090909090909092,8.545454545454545,24.454545454545453,24.09090909090909,0.7272727272727273,0.2727272727272727,0.0,432.27272727272725,130.72727272727272,64.27272727272727,12.454545454545455,65.27272727272727,132.36363636363637,0.23800000000000002,4.12,2.727272727272727,7.7272727272727275,6.363636363636363,0.45454545454545453,618.9090909090909,0.0,69.63636363636364,210.0,77.0,3294.0,0.0,0,0,0,0,0,0,0,0,1
2.0833333333333335,2.8333333333333335,40.5,0.08333333333333333,0.0,0.0,11.166666666666666,130.0,43.666666666666664,17.75,2.8333333333333335,14.166666666666666,29.75,0.30283333333333334,6.441666666666666,1.9166666666666667,1.5833333333333333,2.5833333333333335,0.25,184.16666666666666,19.666666666666668,19.166666666666668,240.0,78.0,3350.0,0.0,0,0,0,0,0,0,0,0,1
7.538461538461538,6.923076923076923,20.923076923076923,20.846153846153847,0.23076923076923078,0.07692307692307693,0.0,358.46153846153845,112.53846153846153,52.53846153846154,13.0,48.38461538461539,113.38461538461539,0.2656923076923077,5.7215384615384615,1.0,5.3076923076923075,4.6923076923076925,0.46153846153846156,512.5384615384615,0.0,57.69230769230769,185.0,72.0,4055.0,0.0,0,0,0,0,0,0,0,1,0
1.1111111111111112,1.1111111111111112,17.11111111111111,0.3333333333333333,0.0,0.0,0.2222222222222222,59.0,20.77777777777778,12.666666666666666,3.3333333333333335,10.666666666666666,17.444444444444443,0.26655555555555555,6.165555555555555,1.1111111111111112,1.6666666666666667,1.1111111111111112,0.1111111111111111,89.88888888888889,4.0,12.666666666666666,190.0,73.0,4041.0,0.0,0,0,0,0,0,0,0,1,0
11.785714285714286,9.071428571428571,27.714285714285715,27.642857142857142,1.2857142857142858,0.5714285714285714,0.0,531.7142857142857,182.21428571428572,77.14285714285714,18.571428571428573,50.642857142857146,140.35714285714286,0.2666428571428571,3.967857142857143,2.0,7.857142857142857,8.0,0.7142857142857143,753.6428571428571,0.0,84.28571428571429,235.0,78.0,4850.0,0.0,0,0,0,0,0,0,0,1,0
0.0,1.0,3.0,1.0,0.0,0.0,0.0,31.0,7.0,1.0,1.0,0.0,6.0,0.179,0.87,0.0,0.0,0.0,0.0,39.0,0.0,1.0,225.0,74.0,4462.0,0.0,0,0,0,0,0,0,0,0,1
0.0,0.0,1.0,0.0,0.0,0.0,0.0,3.0,0.0,0.0,0.0,0.0,1.0,0.0,0.0,0.0,0.0,0.0,0.0,3.0,1.0,0.0,205.0,75.0,4195.0,0.0,0,0,0,0,0,0,0,0,1
2.25,2.9166666666666665,41.5,0.0,0.0,0.0,6.166666666666667,133.0,43.333333333333336,18.0,3.4166666666666665,15.416666666666666,31.25,0.2561666666666667,3.5025,2.3333333333333335,3.9166666666666665,2.25,0.0,188.66666666666666,18.0,20.916666666666668,200.0,74.0,3658.0,0.0,0,0,0,0,0,0,0,1,0
9.533333333333333,6.066666666666666,21.866666666666667,21.6,1.9333333333333333,0.8,0.0,431.3333333333333,141.06666666666666,56.2,14.866666666666667,30.933333333333334,121.6,0.2508666666666667,3.5153333333333325,0.8,2.7333333333333334,3.3333333333333335,0.13333333333333333,594.4666666666667,0.06666666666666667,61.53333333333333,205.0,75.0,4337.0,0.0,0,0,0,0,0,0,0,1,0
11.545454545454545,7.181818181818182,25.90909090909091,25.818181818181817,1.0909090909090908,0.36363636363636365,0.0,491.1818181818182,152.27272727272728,64.63636363636364,14.636363636363637,53.81818181818182,151.27272727272728,0.2489090909090909,3.5863636363636364,0.36363636363636365,4.2727272727272725,5.7272727272727275,0.09090909090909091,682.8181818181819,0.0,69.27272727272727,240.0,76.0,3399.0,0.0,0,0,0,0,0,0,0,0,1
7.1,6.7,21.4,17.6,0.9,0.3,0.0,329.6,115.2,58.7,15.9,34.9,88.8,0.28969999999999996,4.853999999999999,1.4,3.2,4.8,0.3,475.4,1.3,62.8,245.0,76.0,4933.0,0.0,0,0,0,0,0,0,0,1,0
2.3636363636363638,2.909090909090909,54.81818181818182,0.09090909090909091,0.0,0.0,20.454545454545453,164.54545454545453,44.72727272727273,21.545454545454547,5.181818181818182,26.09090909090909,72.63636363636364,0.2377272727272727,4.165454545454545,3.727272727272727,4.181818181818182,3.090909090909091,0.2727272727272727,235.36363636363637,33.45454545454545,23.363636363636363,210.0,77.0,3704.0,0.0,0,0,0,0,0,0,0,1,0
7.647058823529412,6.647058823529412,20.941176470588236,19.470588235294116,0.29411764705882354,0.17647058823529413,0.0,349.88235294117646,107.47058823529412,53.705882352941174,17.235294117647058,38.88235294117647,98.88235294117646,0.2260588235294117,4.431764705882353,2.0588235294117645,3.411764705882353,3.7058823529411766,1.7058823529411764,493.52941176470586,0.29411764705882354,57.294117647058826,195.0,72.0,5135.0,0.0,0,0,0,0,0,0,0,1,0
2.8,2.066666666666667,40.46666666666667,0.4,0.0,0.0,0.5333333333333333,131.33333333333334,42.0,17.066666666666666,5.466666666666667,15.266666666666667,37.8,0.27219999999999994,4.281999999999999,2.2,2.933333333333333,1.8,0.0,185.2,10.4,18.666666666666668,220.0,75.0,4183.0,0.0,0,0,0,0,0,0,0,1,0
8.0,7.181818181818182,23.09090909090909,20.636363636363637,0.2727272727272727,0.09090909090909091,0.09090909090909091,368.1818181818182,109.0909090909091,54.18181818181818,10.909090909090908,51.81818181818182,126.27272727272727,0.2377272727272727,4.251818181818183,1.0,6.909090909090909,3.727272727272727,0.6363636363636364,520.3636363636364,0.7272727272727273,57.36363636363637,225.0,74.0,3679.0,0.0,0,0,0,0,0,0,0,0,1
3.090909090909091,3.909090909090909,29.272727272727273,4.363636363636363,0.09090909090909091,0.09090909090909091,0.36363636363636365,155.1818181818182,57.72727272727273,25.818181818181817,5.7272727272727275,16.727272727272727,32.45454545454545,0.2942727272727273,5.13909090909091,1.9090909090909092,2.272727272727273,1.3636363636363635,0.0,226.27272727272728,6.7272727272727275,30.09090909090909,245.0,80.0,3289.0,0.0,0,0,0,0,0,0,0,1,0
2.25,2.0,13.75,7.25,0.0,0.0,0.0,137.5,45.75,28.25,4.25,30.75,39.0,0.27125,5.9825,0.25,2.75,3.5,0.5,210.5,2.0,30.0,235.0,78.0,3420.0,0.0,0,0,0,0,0,0,0,1,0
2.6,1.8,51.5,0.0,0.0,0.0,0.2,109.2,38.7,18.4,4.6,16.0,38.0,0.2747,4.8950000000000005,2.9,1.8,1.8,0.0,163.4,8.7,19.9,215.0,77.0,3467.0,0.0,0,0,0,0,0,0,0,0,1
8.647058823529411,8.294117647058824,26.764705882352942,24.470588235294116,0.7058823529411765,0.5294117647058824,0.11764705882352941,445.11764705882354,158.58823529411765,72.11764705882354,18.352941176470587,40.529411764705884,94.82352941176471,0.2784705882352942,4.6494117647058815,1.9411764705882353,3.3529411764705883,5.117647058823529,0.23529411764705882,634.7647058823529,0.8823529411764706,77.29411764705883,215.0,74.0,5214.0,0.0,0,0,0,0,0,0,0,1,0
0.0,0.0,1.0,0.0,0.0,0.0,0.0,3.0,1.0,0.0,0.0,1.0,0.0,0.333,0.0,0.0,0.0,0.0,0.0,4.0,0.0,0.0,205.0,72.0,3669.0,0.0,0,0,0,0,0,0,0,0,1
1.9333333333333333,0.9333333333333333,51.4,0.0,0.0,0.0,0.8666666666666667,101.33333333333333,30.666666666666668,12.933333333333334,1.5333333333333334,14.666666666666666,22.866666666666667,0.26693333333333336,5.1066666666666665,2.533333333333333,1.0666666666666667,1.6666666666666667,0.2,143.66666666666666,10.466666666666667,14.266666666666667,220.0,76.0,4569.0,0.0,0,0,0,0,0,0,0,1,0
7.363636363636363,8.090909090909092,23.363636363636363,19.545454545454547,0.45454545454545453,0.18181818181818182,0.0,368.3636363636364,136.9090909090909,65.81818181818181,18.363636363636363,37.81818181818182,78.63636363636364,0.29736363636363633,5.250909090909091,2.3636363636363638,1.9090909090909092,3.3636363636363638,0.45454545454545453,534.4545454545455,0.9090909090909091,71.72727272727273,185.0,73.0,4376.0,0.0,0,0,0,0,0,0,0,1,0
0.8,1.4,11.6,2.6,0.0,0.0,0.0,86.4,37.6,19.0,3.2,9.0,9.4,0.30720000000000003,5.952,0.4,1.2,2.2,0.0,130.6,3.8,20.6,225.0,74.0,3673.0,0.0,0,0,0,0,0,0,0,1,0
9.263157894736842,8.263157894736842,35.8421052631579,19.842105263157894,0.5263157894736842,0.21052631578947367,4.526315789473684,421.7894736842105,145.21052631578948,62.89473684210526,11.421052631578947,41.78947368421053,90.63157894736842,0.2573888888888889,4.273157894736843,3.526315789473684,2.8947368421052633,4.105263157894737,0.6842105263157895,597.7894736842105,8.842105263157896,70.15789473684211,230.0,78.0,5867.0,0.0,0,0,0,0,0,0,0,1,0
0.75,2.0,27.333333333333332,0.0,0.0,0.0,0.5,84.08333333333333,27.416666666666668,11.833333333333334,2.9166666666666665,11.833333333333334,25.25,0.26666666666666666,4.8275,1.0833333333333333,1.6666666666666667,0.5833333333333334,0.16666666666666666,121.58333333333333,7.0,14.416666666666666,210.0,75.0,3375.0,0.0,0,0,0,0,0,0,0,0,1
3.230769230769231,3.6153846153846154,44.0,1.6153846153846154,0.0,0.0,6.076923076923077,157.23076923076923,55.46153846153846,24.23076923076923,5.3076923076923075,16.923076923076923,35.76923076923077,0.2813846153846154,4.7092307692307696,3.6153846153846154,1.6923076923076923,1.2307692307692308,0.23076923076923078,227.0,18.53846153846154,26.0,200.0,73.0,4352.0,0.0,0,0,0,0,0,0,0,1,0
1.2857142857142858,1.6428571428571428,29.071428571428573,0.21428571428571427,0.0,0.0,5.071428571428571,84.42857142857143,28.357142857142858,12.5,1.7857142857142858,15.142857142857142,23.214285714285715,0.2665,4.762142857142857,1.1428571428571428,3.2142857142857144,1.7857142857142858,0.14285714285714285,125.85714285714286,14.928571428571429,14.571428571428571,180.0,76.0,3873.0,0.0,0,0,0,0,0,0,0,1,0
4.8,3.2,55.9,1.8,0.0,0.0,5.5,208.0,67.1,26.6,6.6,20.5,60.5,0.22140000000000004,2.858,3.7,3.3,3.4,0.4,291.1,16.2,28.5,210.0,78.0,4388.0,0.0,0,0,0,0,0,0,0,1,0
6.777777777777778,5.333333333333333,21.666666666666668,18.555555555555557,0.1111111111111111,0.0,0.1111111111111111,343.3333333333333,106.33333333333333,50.0,15.555555555555555,34.888888888888886,92.88888888888889,0.24577777777777776,3.7944444444444443,2.111111111111111,2.3333333333333335,3.5555555555555554,0.2222222222222222,478.3333333333333,1.6666666666666667,52.666666666666664,195.0,72.0,3571.0,0.0,0,0,0,0,0,0,0,1,0
7.294117647058823,6.9411764705882355,22.176470588235293,18.705882352941178,0.47058823529411764,0.29411764705882354,0.058823529411764705,347.3529411764706,122.29411764705883,59.294117647058826,14.882352941176471,45.23529411764706,69.05882352941177,0.28605882352941175,5.246470588235294,2.411764705882353,3.2941176470588234,5.176470588235294,0.5294117647058824,507.2352941176471,1.5294117647058822,65.52941176470588,220.0,73.0,5466.0,0.0,0,0,0,0,0,0,0,1,0
0.0,0.0,1.0,0.0,0.0,0.0,0.0,3.0,0.0,0.0,0.0,0.0,1.0,0.0,0.0,0.0,0.0,0.0,0.0,3.0,1.0,0.0,205.0,73.0,3347.0,0.0,0,0,0,0,0,0,0,0,1
2.0,1.6,38.7,0.2,0.0,0.0,0.4,120.9,41.2,18.2,3.3,17.5,33.9,0.28179999999999994,4.155,2.1,2.9,1.5,0.5,175.1,10.0,19.8,235.0,77.0,3295.0,0.0,0,0,0,0,0,0,0,0,1
0.0,0.0,2.0,0.0,0.0,0.0,0.0,6.0,4.0,2.0,0.0,1.0,0.0,0.4,9.0,0.0,0.0,0.0,0.0,11.0,2.0,2.0,205.0,72.0,3705.0,0.0,0,0,0,0,0,0,0,0,1
5.0,5.909090909090909,19.181818181818183,14.272727272727273,0.8181818181818182,0.36363636363636365,0.0,276.09090909090907,96.0,42.27272727272727,11.181818181818182,22.636363636363637,66.0909090909091,0.2640909090909091,4.286363636363636,1.7272727272727273,1.6363636363636365,2.090909090909091,0.2727272727272727,388.09090909090907,1.1818181818181819,45.90909090909091,220.0,79.0,3625.0,0.0,0,0,0,0,0,0,0,0,1
0.0,0.5,1.0,0.0,0.0,0.0,0.0,3.0,1.5,2.5,0.5,2.0,0.0,0.375,22.5,0.0,0.0,0.0,0.0,6.0,1.0,2.5,205.0,71.0,3439.0,0.0,0,0,0,0,0,0,0,0,1
0.0,0.0,1.0,0.0,0.0,0.0,0.0,1.0,2.0,0.0,0.0,0.0,1.0,0.667,0.0,0.0,0.0,0.0,0.0,3.0,1.0,0.0,185.0,69.0,5565.0,0.0,0,0,0,0,0,0,0,0,1
3.25,3.625,21.5,8.625,0.375,0.125,0.125,189.625,61.625,32.875,7.25,27.375,51.625,0.25875000000000004,5.25375,1.125,4.625,2.75,0.125,276.125,3.125,36.125,240.0,75.0,3608.0,0.0,0,0,0,0,0,0,0,1,0
3.0,3.6363636363636362,29.0,6.0,0.0,0.0,3.3636363636363638,151.1818181818182,48.45454545454545,25.727272727272727,4.545454545454546,26.272727272727273,53.63636363636363,0.23381818181818181,4.385454545454547,1.0,3.090909090909091,3.0,0.18181818181818182,226.45454545454547,8.272727272727273,28.90909090909091,210.0,79.0,3322.0,0.0,0,0,0,0,0,0,0,0,1
1.125,1.0625,43.375,0.3125,0.0,0.0,0.6875,98.125,32.5625,15.1875,3.375,14.8125,27.125,0.25273333333333337,5.4750000000000005,1.75,1.375,2.6875,0.0,145.125,8.3125,16.5,200.0,75.0,5498.0,0.0,0,0,0,0,0,0,0,1,0
10.5625,9.5,28.1875,27.6875,1.375,0.375,0.0,510.0625,173.125,77.6875,18.5,52.6875,130.1875,0.2522,4.154375,2.875,4.1875,4.625,0.25,726.0,0.1875,84.8125,230.0,76.0,5539.0,0.0,0,0,0,0,0,0,0,1,0
2.4375,2.8125,46.4375,0.0,0.0,0.0,0.625,160.625,47.625,23.4375,5.625,20.6875,43.5,0.22368749999999998,4.115625,3.125,2.0,1.5,0.25,225.25,13.25,24.75,240.0,78.0,4902.0,0.0,0,0,0,0,0,0,0,1,0
9.962962962962964,7.7407407407407405,25.77777777777778,23.62962962962963,1.2222222222222223,0.37037037037037035,0.0,452.6666666666667,156.7037037037037,71.33333333333333,19.333333333333332,42.77777777777778,90.4074074074074,0.2584615384615385,4.407037037037036,2.5555555555555554,2.111111111111111,5.407407407407407,0.4444444444444444,642.8148148148148,0.5555555555555556,76.88888888888889,170.0,72.0,9477.0,0.0,0,0,0,0,0,0,1,0,0
2.4444444444444446,1.0,36.77777777777778,0.0,0.0,0.0,0.4444444444444444,95.44444444444444,28.444444444444443,10.0,2.0,13.444444444444445,24.555555555555557,0.2604444444444444,3.2200000000000006,3.111111111111111,0.7777777777777778,1.3333333333333333,0.1111111111111111,133.88888888888889,5.555555555555555,12.333333333333334,225.0,74.0,3459.0,0.0,0,0,0,0,0,0,0,0,1
2.0,2.3333333333333335,41.166666666666664,0.3333333333333333,0.0,0.0,4.166666666666667,136.66666666666666,45.916666666666664,19.5,6.333333333333333,7.416666666666667,35.25,0.27225000000000005,4.170000000000001,1.6666666666666667,0.75,0.5833333333333334,0.4166666666666667,185.33333333333334,14.916666666666666,20.833333333333332,220.0,75.0,3391.0,0.0,0,0,0,0,0,0,0,0,1
0.0,0.0,1.0,0.0,0.0,0.0,0.0,2.0,1.5,0.0,0.5,0.5,0.5,0.375,0.0,0.0,0.0,0.5,0.0,5.0,1.0,2.5,210.0,75.0,3318.0,0.0,0,0,0,0,0,0,0,0,1
7.461538461538462,7.384615384615385,29.307692307692307,19.384615384615383,0.9230769230769231,0.23076923076923078,3.076923076923077,394.61538461538464,132.69230769230768,62.07692307692308,19.0,42.76923076923077,106.07692307692308,0.2656923076923077,4.446923076923077,2.769230769230769,3.230769230769231,4.3076923076923075,0.38461538461538464,562.0769230769231,6.3076923076923075,66.46153846153847,240.0,76.0,3922.0,0.0,0,0,0,0,0,0,0,1,0
4.142857142857143,2.7142857142857144,16.0,9.285714285714286,0.0,0.0,0.0,183.0,59.714285714285715,31.428571428571427,7.857142857142857,22.714285714285715,51.142857142857146,0.22814285714285715,4.22,0.7142857142857143,2.2857142857142856,1.2857142857142858,0.2857142857142857,262.57142857142856,1.7142857142857142,32.57142857142857,205.0,75.0,3312.0,0.0,0,0,0,0,0,0,0,0,1
4.133333333333334,2.2666666666666666,51.8,1.9333333333333333,0.0,0.0,25.133333333333333,183.4,45.666666666666664,19.6,5.6,22.666666666666668,64.46666666666667,0.16606666666666667,2.4933333333333336,2.066666666666667,3.066666666666667,1.5333333333333334,0.13333333333333333,249.53333333333333,39.06666666666667,21.133333333333333,230.0,76.0,5829.0,0.0,0,0,0,0,0,0,0,1,0
2.888888888888889,1.8888888888888888,40.333333333333336,0.0,0.0,0.0,0.7777777777777778,112.11111111111111,27.555555555555557,12.11111111111111,4.555555555555555,12.11111111111111,37.22222222222222,0.20477777777777778,3.2311111111111113,1.4444444444444444,0.7777777777777778,1.0,0.0,151.0,9.88888888888889,13.0,210.0,75.0,3376.0,0.0,0,0,0,0,0,0,0,0,1
9.090909090909092,8.090909090909092,24.09090909090909,22.454545454545453,0.9090909090909091,0.36363636363636365,0.0,411.54545454545456,148.9090909090909,69.18181818181819,16.181818181818183,32.54545454545455,111.45454545454545,0.28209090909090906,4.730909090909092,3.8181818181818183,3.727272727272727,4.363636363636363,0.45454545454545453,586.8181818181819,0.09090909090909091,74.27272727272727,235.0,74.0,3469.0,0.0,0,0,0,0,0,0,0,0,1
2.625,2.875,43.625,0.75,0.0,0.0,11.625,145.75,47.75,23.125,6.25,16.625,39.25,0.259625,4.30625,1.75,1.625,2.125,0.25,207.75,23.0,24.5,195.0,74.0,3358.0,0.0,0,0,0,0,0,0,0,1,0
2.0,1.0,39.54545454545455,0.0,0.0,0.0,0.09090909090909091,100.72727272727273,31.636363636363637,12.090909090909092,1.9090909090909092,12.090909090909092,25.545454545454547,0.2809090909090909,5.56090909090909,2.272727272727273,1.5454545454545454,2.090909090909091,0.09090909090909091,143.36363636363637,5.2727272727272725,13.636363636363637,220.0,74.0,3327.0,0.0,0,0,0,0,0,0,0,0,1
1.0909090909090908,1.4545454545454546,43.90909090909091,0.0,0.0,0.0,0.2727272727272727,96.27272727272727,29.272727272727273,15.272727272727273,3.8181818181818183,14.454545454545455,30.545454545454547,0.25063636363636366,4.931818181818181,2.272727272727273,1.9090909090909092,1.9090909090909092,0.18181818181818182,140.36363636363637,8.818181818181818,15.909090909090908,225.0,74.0,4299.0,0.0,0,0,0,0,0,0,0,1,0
5.363636363636363,4.454545454545454,34.81818181818182,10.409090909090908,0.5,0.18181818181818182,0.3181818181818182,261.22727272727275,92.5909090909091,43.63636363636363,9.818181818181818,32.72727272727273,57.22727272727273,0.24119999999999994,4.145,2.0454545454545454,2.727272727272727,4.363636363636363,0.6818181818181818,379.3636363636364,5.5,47.5,250.0,75.0,7333.0,0.0,0,0,0,0,0,0,0,1,0
6.6923076923076925,6.615384615384615,23.307692307692307,16.76923076923077,0.7692307692307693,0.07692307692307693,0.0,334.2307692307692,120.46153846153847,61.23076923076923,18.076923076923077,38.46153846153846,68.84615384615384,0.25984615384615384,5.404615384615385,2.4615384615384617,3.5384615384615383,5.3076923076923075,1.3846153846153846,487.46153846153845,2.8461538461538463,66.23076923076923,175.0,72.0,5036.0,0.0,0,0,0,0,0,0,0,1,0
11.642857142857142,7.285714285714286,26.071428571428573,24.357142857142858,1.4285714285714286,0.5714285714285714,0.0,481.14285714285717,157.07142857142858,59.857142857142854,14.071428571428571,37.142857142857146,132.28571428571428,0.2620714285714286,3.7314285714285718,2.4285714285714284,2.142857142857143,5.714285714285714,0.5,664.3571428571429,0.5,64.07142857142857,190.0,72.0,4529.0,0.0,0,0,0,0,0,0,0,1,0
0.0,0.0,1.0,0.0,0.0,0.0,0.0,1.0,0.0,0.0,0.0,0.0,0.0,0.0,0.0,0.0,0.0,0.0,0.0,1.0,1.0,0.0,235.0,74.0,4757.0,0.0,0,0,0,0,0,0,0,0,1
6.75,5.6875,24.125,14.8125,0.25,0.25,0.375,294.625,100.75,47.125,11.3125,34.4375,70.0625,0.2501875,5.046875,2.8125,2.3125,6.8125,0.75,425.5,2.3125,51.4375,230.0,72.0,4844.0,0.0,0,0,0,0,0,0,0,1,0
3.25,2.6666666666666665,54.333333333333336,0.25,0.0,0.0,29.083333333333332,172.66666666666666,44.583333333333336,15.0,4.5,14.25,64.75,0.21266666666666664,2.3733333333333335,1.25,1.0833333333333333,2.8333333333333335,0.08333333333333333,232.16666666666666,46.25,17.333333333333332,225.0,76.0,3710.0,0.0,0,0,0,0,0,0,0,0,1
6.75,6.6875,18.875,17.75,1.0625,0.5,0.0,335.375,123.1875,54.5625,12.5,26.5625,68.1875,0.2714,4.74875,2.5625,1.625,5.25,1.0,477.6875,0.1875,59.6875,265.0,77.0,5123.0,0.0,0,0,0,0,0,0,0,1,0
8.647058823529411,6.882352941176471,21.0,20.941176470588236,0.8823529411764706,0.35294117647058826,0.0,398.52941176470586,117.6470588235294,52.1764705882353,14.176470588235293,39.529411764705884,123.82352941176471,0.23499999999999996,3.546470588235294,2.411764705882353,2.4705882352941178,4.470588235294118,0.7647058823529411,548.1176470588235,0.0,55.0,195.0,73.0,4851.0,0.0,0,0,0,0,0,0,0,1,0
6.1,8.1,21.7,21.3,0.4,0.0,0.1,371.2,140.0,62.1,9.9,43.4,70.3,0.29379999999999995,4.793,2.3,1.9,6.5,0.9,544.4,0.1,66.4,240.0,79.0,3371.0,0.0,0,0,0,0,0,0,0,0,1
7.5625,6.3125,21.8125,19.9375,0.25,0.125,0.0,360.9375,126.875,57.3125,12.125,38.6875,79.5625,0.2715,4.405,2.375,3.375,3.3125,0.375,513.625,0.625,61.875,230.0,76.0,5285.0,0.0,0,0,0,0,0,0,0,1,0
1.7272727272727273,3.090909090909091,53.54545454545455,0.0,0.0,0.0,1.3636363636363635,169.27272727272728,48.72727272727273,24.727272727272727,7.818181818181818,16.09090909090909,52.63636363636363,0.23118181818181818,4.091818181818183,2.090909090909091,2.0,1.0909090909090908,0.0,230.72727272727272,12.272727272727273,25.818181818181817,210.0,70.0,3784.0,0.0,0,0,0,0,0,0,0,0,1
4.1875,5.1875,27.375,12.1875,0.1875,0.125,0.125,242.625,74.0625,39.9375,11.4375,43.9375,84.4375,0.253625,4.788124999999999,1.625,3.125,4.25,0.4375,358.25,3.625,43.9375,220.0,75.0,4858.0,0.0,0,0,0,0,0,0,0,1,0
3.5,2.5,39.9,4.4,0.0,0.0,12.0,185.0,63.3,26.1,7.4,15.2,49.9,0.25,3.5159999999999996,1.3,1.9,1.9,0.2,258.9,22.4,28.2,215.0,72.0,3298.0,0.0,0,0,0,0,0,0,0,0,1
2.5,3.375,20.125,7.125,0.25,0.125,0.125,178.125,59.5,30.25,9.625,15.875,52.0,0.2855,4.8825,1.625,1.25,0.375,0.25,250.375,5.5,31.625,250.0,73.0,3430.0,0.0,0,0,0,0,0,0,0,0,1
14.222222222222221,8.5,29.5,28.944444444444443,1.4444444444444444,0.2222222222222222,0.0,552.6666666666666,191.55555555555554,78.77777777777777,16.0,57.27777777777778,136.0,0.24617647058823533,3.8122222222222226,2.3333333333333335,3.8333333333333335,3.0555555555555554,0.6111111111111112,781.8888888888889,0.16666666666666666,87.33333333333333,235.0,77.0,6727.0,0.0,0,0,0,0,0,0,0,1,0
8.0,7.153846153846154,25.76923076923077,20.23076923076923,1.1538461538461537,0.46153846153846156,0.15384615384615385,404.84615384615387,144.46153846153845,66.07692307692308,14.846153846153847,37.46153846153846,81.38461538461539,0.27630769230769237,4.453076923076924,2.4615384615384617,3.3846153846153846,3.923076923076923,0.15384615384615385,573.0769230769231,2.6153846153846154,70.15384615384616,200.0,72.0,4065.0,0.0,0,0,0,0,0,0,0,1,0
3.0833333333333335,2.75,47.666666666666664,0.0,0.0,0.0,15.75,141.66666666666666,39.083333333333336,16.166666666666668,4.166666666666667,15.333333333333334,49.916666666666664,0.23466666666666666,3.5641666666666665,1.5,2.0,1.5833333333333333,0.0,194.08333333333334,29.75,16.916666666666668,250.0,77.0,3965.0,0.0,0,0,0,0,0,0,0,1,0
3.2666666666666666,3.1333333333333333,52.06666666666667,0.0,0.0,0.0,4.933333333333334,151.6,50.6,21.333333333333332,5.0,13.133333333333333,39.4,0.27299999999999996,4.34,2.7333333333333334,1.8,2.1333333333333333,0.0,211.53333333333333,16.733333333333334,23.266666666666666,235.0,76.0,4091.0,0.0,0,0,0,0,0,0,0,1,0
0.0,0.0,1.0,0.0,0.0,0.0,0.0,2.5,0.5,0.0,0.0,0.5,0.5,0.1665,0.0,0.0,0.0,0.0,0.0,3.5,0.5,1.0,185.0,72.0,4038.0,0.0,0,0,0,0,0,0,0,0,1
3.0714285714285716,2.857142857142857,39.714285714285715,0.7857142857142857,0.0,0.0,4.428571428571429,127.5,39.92857142857143,18.428571428571427,5.0,12.785714285714286,33.92857142857143,0.2610714285714287,4.2457142857142856,1.7857142857142858,1.6428571428571428,0.7857142857142857,0.14285714285714285,178.5,15.285714285714286,19.857142857142858,290.0,83.0,4063.0,0.0,0,0,0,0,0,0,0,1,0
1.9444444444444444,1.9444444444444444,37.388888888888886,2.2222222222222223,0.0,0.0,0.2222222222222222,121.11111111111111,40.22222222222222,18.88888888888889,3.388888888888889,22.22222222222222,35.666666666666664,0.263,5.499444444444445,1.6111111111111112,3.888888888888889,1.2777777777777777,0.4444444444444444,180.16666666666666,6.666666666666667,21.333333333333332,250.0,75.0,5015.0,0.0,0,0,0,0,0,0,0,1,0
3.9545454545454546,3.1818181818181817,40.90909090909091,2.772727272727273,0.22727272727272727,0.13636363636363635,1.5,161.95454545454547,46.95454545454545,24.454545454545453,5.7272727272727275,23.454545454545453,52.36363636363637,0.22157142857142856,4.024545454545455,2.1818181818181817,1.9545454545454546,0.7272727272727273,0.13636363636363635,227.5909090909091,7.318181818181818,25.454545454545453,220.0,74.0,7342.0,0.0,0,0,0,0,0,0,0,1,0
4.315789473684211,3.1578947368421053,58.68421052631579,0.5263157894736842,0.0,0.0,34.31578947368421,202.68421052631578,52.526315789473685,16.57894736842105,3.736842105263158,15.052631578947368,61.73684210526316,0.19905555555555557,2.222105263157894,2.1578947368421053,0.6842105263157895,2.4210526315789473,0.15789473684210525,268.57894736842104,50.10526315789474,17.894736842105264,195.0,74.0,6701.0,0.0,0,0,0,0,0,0,0,1,0
2.642857142857143,3.9285714285714284,50.0,0.0,0.0,0.0,16.857142857142858,150.07142857142858,43.714285714285715,20.642857142857142,3.7857142857142856,24.357142857142858,48.92857142857143,0.23742857142857138,3.8585714285714294,2.142857142857143,2.9285714285714284,3.0,0.14285714285714285,218.21428571428572,31.428571428571427,22.785714285714285,220.0,71.0,4900.0,0.0,0,0,0,0,0,0,0,1,0
2.9375,2.75,53.6875,0.0,0.0,0.0,24.125,167.3125,41.375,16.6875,5.1875,22.3125,66.6875,0.20668750000000002,2.528125,2.5,3.875,0.9375,0.125,228.625,37.625,18.0625,195.0,72.0,4763.0,0.0,0,0,0,0,0,0,0,1,0
8.083333333333334,8.166666666666666,22.916666666666668,21.916666666666668,0.16666666666666666,0.16666666666666666,0.0,389.3333333333333,130.0,59.166666666666664,15.416666666666666,44.5,106.75,0.26499999999999996,4.345833333333333,3.0833333333333335,3.1666666666666665,4.416666666666667,0.75,555.9166666666666,0.25,66.33333333333333,195.0,71.0,3718.0,0.0,0,0,0,0,0,0,0,0,1
2.0,1.6470588235294117,40.0,1.2941176470588236,0.0,0.0,0.4117647058823529,116.70588235294117,36.705882352941174,18.0,3.4705882352941178,22.058823529411764,30.941176470588236,0.24905882352941178,4.477647058823529,2.764705882352941,2.0588235294117645,2.3529411764705883,0.35294117647058826,173.11764705882354,7.529411764705882,19.705882352941178,205.0,71.0,4725.0,0.0,0,0,0,0,0,0,0,1,0
0.0,0.0,1.0,0.0,0.0,0.0,0.0,3.0,1.0,0.0,0.0,0.0,0.0,0.25,0.0,0.0,0.0,0.0,0.0,4.0,1.0,0.0,195.0,71.0,4319.0,0.0,0,0,0,0,0,0,0,1,0
0.0,0.0,2.0,0.0,0.0,0.0,0.0,6.0,0.0,0.0,0.0,0.0,0.0,0.0,0.0,0.0,0.0,0.0,0.0,6.0,2.0,0.0,230.0,74.0,4844.0,0.0,0,0,0,0,0,0,0,0,1
13.375,8.0625,28.25,28.25,2.375,0.75,0.0,560.375,176.9375,76.5625,18.3125,55.875,160.875,0.2523125,3.75875,2.625,4.0,5.9375,1.0,779.0625,0.0,83.75,285.0,79.0,5289.0,0.0,0,0,0,0,0,0,0,1,0
7.2727272727272725,6.7272727272727275,20.09090909090909,19.90909090909091,0.8181818181818182,0.6363636363636364,0.0,363.8181818181818,115.0909090909091,49.90909090909091,11.0,41.18181818181818,106.81818181818181,0.2570909090909091,3.9054545454545457,2.5454545454545454,3.909090909090909,3.272727272727273,1.0,514.0909090909091,0.0,54.45454545454545,205.0,72.0,3341.0,0.0,0,0,0,0,0,0,0,0,1
11.454545454545455,9.545454545454545,28.727272727272727,28.454545454545453,1.2727272727272727,0.6363636363636364,0.0,542.9090909090909,175.54545454545453,83.63636363636364,23.363636363636363,56.81818181818182,144.45454545454547,0.2559090909090909,4.260000000000001,2.727272727272727,6.636363636363637,8.0,0.45454545454545453,765.0,0.09090909090909091,89.72727272727273,175.0,74.0,3790.0,0.0,0,0,0,0,0,0,0,0,1
11.583333333333334,6.5,30.0,23.666666666666668,1.25,0.8333333333333334,0.08333333333333333,506.4166666666667,143.83333333333334,60.083333333333336,18.333333333333332,47.25,165.66666666666666,0.23650000000000002,3.53,1.0833333333333333,5.666666666666667,3.0,1.0,688.5,1.9166666666666667,64.41666666666667,210.0,72.0,4519.0,0.0,0,0,0,0,0,0,0,1,0
6.846153846153846,6.615384615384615,18.076923076923077,17.615384615384617,0.6923076923076923,0.23076923076923078,0.0,320.15384615384613,117.92307692307692,51.84615384615385,13.76923076923077,33.76923076923077,60.92307692307692,0.284,5.3976923076923065,1.4615384615384615,2.3846153846153846,2.3076923076923075,0.15384615384615385,458.61538461538464,0.23076923076923078,57.38461538461539,215.0,75.0,3328.0,0.0,0,0,0,0,0,0,0,0,1
0.0,0.0,1.3333333333333333,0.0,0.0,0.0,0.0,4.0,1.3333333333333333,0.6666666666666666,0.3333333333333333,1.6666666666666667,1.0,0.19433333333333333,6.0,0.0,0.0,0.0,0.0,7.0,1.3333333333333333,0.6666666666666666,190.0,70.0,3770.0,0.0,0,0,0,0,0,0,0,0,1
9.4,9.6,25.0,25.0,1.8,0.4,0.0,479.0,157.7,67.0,18.4,36.9,132.5,0.2589,3.812,2.8,5.3,3.2,0.1,664.0,0.0,73.6,195.0,73.0,4199.0,0.0,0,0,0,0,0,0,0,1,0
12.7,9.7,31.9,31.8,2.2,0.9,0.0,633.8,206.7,87.8,26.0,53.3,184.2,0.2569,3.817999999999999,1.6,8.1,7.7,0.9,878.4,0.0,95.8,215.0,75.0,3406.0,0.0,0,0,0,0,0,0,0,0,1
1.7142857142857142,2.0,42.214285714285715,0.5714285714285714,0.0,0.0,14.785714285714286,136.35714285714286,34.92857142857143,14.571428571428571,4.428571428571429,14.071428571428571,45.785714285714285,0.23007142857142857,3.827857142857142,1.4285714285714286,0.9285714285714286,1.0714285714285714,0.0,183.64285714285714,24.5,15.214285714285714,230.0,76.0,4829.0,0.0,0,0,0,0,0,0,0,1,0
3.0,3.090909090909091,18.272727272727273,6.636363636363637,0.0,0.0,0.0,162.45454545454547,53.72727272727273,23.90909090909091,5.818181818181818,18.363636363636363,40.81818181818182,0.2823636363636364,5.846363636363637,1.6363636363636365,0.7272727272727273,2.272727272727273,0.18181818181818182,229.1818181818182,4.454545454545454,25.09090909090909,220.0,73.0,3795.0,0.0,0,0,0,0,0,0,0,0,1
3.25,2.6666666666666665,53.166666666666664,0.0,0.0,0.0,26.25,163.41666666666666,42.416666666666664,17.25,5.416666666666667,14.166666666666666,54.0,0.20941666666666667,2.725,2.9166666666666665,1.6666666666666667,0.6666666666666666,0.08333333333333333,216.5,41.833333333333336,18.416666666666668,195.0,72.0,3825.0,0.0,0,0,0,0,0,0,0,0,1
7.0,7.3,22.4,20.85,0.8,0.25,0.0,381.4,142.15,66.4,16.85,43.55,69.5,0.27411111111111114,4.928000000000001,2.9,4.45,4.7,0.3,556.95,0.8,72.55,225.0,74.0,6160.0,0.0,0,0,0,0,0,0,0,1,0
0.0,0.0,1.0,0.0,0.0,0.0,0.0,3.0,2.0,1.0,0.0,0.0,0.0,0.4,9.0,0.0,0.0,0.0,0.0,5.0,1.0,1.0,170.0,71.0,5298.0,0.0,0,0,0,0,0,0,0,0,1
0.0,0.0,1.0,0.0,0.0,0.0,0.0,3.0,1.0,0.0,0.0,1.0,1.0,0.25,0.0,0.0,0.0,0.0,0.0,5.0,1.0,0.0,195.0,72.0,4046.0,0.0,0,0,0,0,0,0,0,1,0
1.2,1.2,14.4,1.4,0.0,0.0,0.0,62.4,25.4,13.4,2.4,10.6,9.0,0.35940000000000005,9.37,0.8,1.4,1.2,0.0,96.6,2.6,13.8,235.0,76.0,3636.0,0.0,0,0,0,0,0,0,0,1,0
2.5,3.2857142857142856,52.142857142857146,0.07142857142857142,0.0,0.0,1.6428571428571428,138.35714285714286,40.857142857142854,17.142857142857142,3.5714285714285716,17.5,45.214285714285715,0.2430714285714286,3.173571428571429,2.642857142857143,2.0,1.3571428571428572,0.0,194.42857142857142,11.571428571428571,18.642857142857142,235.0,78.0,4110.0,0.0,0,0,0,0,0,0,0,0,1
5.882352941176471,6.0588235294117645,23.352941176470587,15.647058823529411,0.7647058823529411,0.11764705882352941,0.11764705882352941,320.47058823529414,111.6470588235294,55.23529411764706,15.0,34.23529411764706,71.11764705882354,0.23956249999999998,4.5735294117647065,3.0588235294117645,3.7058823529411766,2.176470588235294,0.17647058823529413,460.2352941176471,2.2941176470588234,59.470588235294116,220.0,76.0,5110.0,0.0,0,0,0,0,0,0,0,1,0
1.0,1.0,11.0,1.6,0.0,0.0,0.8,57.2,20.8,12.2,4.4,7.4,13.4,0.2926,6.22,0.6,0.2,1.2,0.0,84.6,4.2,12.6,170.0,74.0,4383.0,0.0,0,0,0,0,0,0,0,1,0
2.25,2.75,52.166666666666664,0.0,0.0,0.0,24.0,157.58333333333334,40.833333333333336,19.083333333333332,5.583333333333333,22.0,57.666666666666664,0.21458333333333335,3.6099999999999994,2.5833333333333335,2.0,2.1666666666666665,0.25,220.5,43.333333333333336,21.25,265.0,76.0,4012.0,0.0,0,0,0,0,0,0,0,1,0
6.7,7.0,21.3,19.3,1.1,0.6,0.0,362.9,123.4,56.4,14.9,35.4,79.4,0.2738999999999999,5.205,2.3,1.4,3.1,0.8,514.6,0.7,59.5,215.0,72.0,3659.0,0.0,0,0,0,0,0,0,0,0,1
11.785714285714286,11.428571428571429,32.142857142857146,31.642857142857142,2.0,0.5714285714285714,0.0,608.5714285714286,198.85714285714286,95.07142857142857,26.642857142857142,54.5,181.14285714285714,0.23299999999999998,4.295714285714285,4.142857142857143,5.428571428571429,6.285714285714286,0.2857142857142857,852.5,0.35714285714285715,102.21428571428571,210.0,74.0,4925.0,0.0,0,0,0,0,0,0,0,1,0
14.272727272727273,8.818181818181818,28.90909090909091,28.90909090909091,1.9090909090909092,0.6363636363636364,0.0,575.8181818181819,172.8181818181818,75.0,17.0,58.36363636363637,176.63636363636363,0.2457272727272727,3.8654545454545457,2.0,6.090909090909091,6.545454545454546,1.5454545454545454,796.4545454545455,0.0,81.81818181818181,225.0,77.0,3743.0,0.0,0,0,0,0,0,0,0,0,1
4.9,5.3,42.5,7.6,0.0,0.0,1.0,277.4,87.8,42.9,12.2,30.9,80.1,0.24699999999999997,4.15,3.1,3.0,3.1,0.1,391.3,9.9,44.1,215.0,74.0,3417.0,0.0,0,0,0,0,0,0,0,0,1
4.833333333333333,5.666666666666667,22.083333333333332,13.75,0.16666666666666666,0.08333333333333333,0.0,276.9166666666667,93.66666666666667,45.666666666666664,9.833333333333334,35.916666666666664,69.91666666666667,0.2723333333333333,5.166666666666667,2.75,2.25,5.0,0.16666666666666666,403.1666666666667,4.0,49.166666666666664,215.0,76.0,5507.0,0.0,0,0,0,0,0,0,0,1,0
6.583333333333333,5.666666666666667,18.75,18.166666666666668,0.25,0.08333333333333333,0.0,310.75,98.83333333333333,49.416666666666664,10.416666666666666,49.333333333333336,90.83333333333333,0.26716666666666666,5.375,1.9166666666666667,5.416666666666667,5.416666666666667,0.4166666666666667,453.8333333333333,0.08333333333333333,53.583333333333336,220.0,72.0,3687.0,0.0,0,0,0,0,0,0,0,0,1
12.1,6.7,28.7,22.1,2.1,0.9,0.3,470.9,143.0,52.0,10.4,39.0,132.6,0.24290000000000003,3.944,2.0,3.5,4.2,0.3,642.0,1.3,56.6,235.0,79.0,3675.0,0.0,0,0,0,0,0,0,0,1,0
10.526315789473685,9.473684210526315,33.0,24.36842105263158,1.736842105263158,0.3157894736842105,1.1578947368421053,509.42105263157896,165.89473684210526,83.26315789473684,22.0,63.421052631578945,113.47368421052632,0.23655555555555566,4.401052631578946,1.736842105263158,7.052631578947368,9.789473684210526,0.42105263157894735,733.6315789473684,4.105263157894737,94.26315789473684,210.0,74.0,6995.0,0.0,0,0,0,0,0,0,0,1,0
13.8,8.1,29.1,29.1,1.3,0.7,0.0,554.1,165.2,69.8,20.9,48.8,149.5,0.23759999999999995,3.428,1.5,3.6,4.7,0.1,757.3,0.0,73.2,210.0,79.0,3415.0,0.0,0,0,0,0,0,0,0,0,1
4.6,6.866666666666666,19.733333333333334,14.6,0.2,0.13333333333333333,0.13333333333333333,267.6666666666667,92.66666666666667,46.666666666666664,10.066666666666666,42.333333333333336,64.2,0.26139999999999997,5.272,3.533333333333333,4.466666666666667,4.666666666666667,0.2,398.0,1.6,51.53333333333333,205.0,75.0,4748.0,0.0,0,0,0,0,0,0,0,1,0
7.5,7.357142857142857,22.5,19.5,1.0714285714285714,0.2857142857142857,0.0,374.5,134.64285714285714,59.92857142857143,10.571428571428571,40.785714285714285,68.92857142857143,0.2913571428571428,5.027142857142857,2.642857142857143,2.9285714285714284,4.857142857142857,0.07142857142857142,536.9285714285714,0.7857142857142857,65.85714285714286,210.0,75.0,4852.0,0.0,0,0,0,0,0,0,0,1,0
1.6666666666666667,2.8666666666666667,39.266666666666666,0.6,0.0,0.0,2.8666666666666667,128.13333333333333,39.266666666666666,18.866666666666667,5.933333333333334,12.933333333333334,37.0,0.23746666666666666,4.632000000000001,2.1333333333333333,1.3333333333333333,0.8666666666666667,0.13333333333333333,178.66666666666666,12.466666666666667,19.866666666666667,220.0,75.0,4638.0,0.0,0,0,0,0,0,0,0,1,0
4.0,5.076923076923077,17.307692307692307,11.461538461538462,0.23076923076923078,0.15384615384615385,0.15384615384615385,233.6153846153846,81.38461538461539,39.53846153846154,9.692307692307692,26.615384615384617,49.76923076923077,0.28638461538461535,5.371538461538462,1.0769230769230769,1.5384615384615385,4.3076923076923075,0.23076923076923078,336.2307692307692,2.6153846153846154,42.76923076923077,260.0,75.0,4541.0,0.0,0,0,0,0,0,0,0,1,0
8.545454545454545,6.363636363636363,40.36363636363637,17.454545454545453,0.6363636363636364,0.18181818181818182,4.7272727272727275,390.09090909090907,117.0,54.0,10.636363636363637,54.72727272727273,114.45454545454545,0.24509090909090905,4.069999999999999,1.8181818181818181,6.0,6.909090909090909,0.5454545454545454,553.6363636363636,10.0,61.09090909090909,210.0,73.0,3700.0,0.0,0,0,0,0,0,0,0,0,1
0.0,0.25,1.0,0.0,0.0,0.0,0.0,3.0,1.5,1.0,0.5,0.75,0.0,0.3375,9.0,0.0,0.0,0.0,0.0,4.75,1.0,1.0,175.0,72.0,3679.0,0.0,0,0,0,0,0,0,0,0,1
0.0,0.0,1.0,0.0,0.0,0.0,0.0,2.5,0.5,0.0,0.0,0.5,0.0,0.1665,0.0,0.0,0.0,0.0,0.0,3.0,1.0,0.0,200.0,72.0,4801.0,0.0,0,0,0,0,0,0,0,0,1
7.388888888888889,6.944444444444445,21.666666666666668,21.055555555555557,0.7222222222222222,0.5,0.05555555555555555,388.05555555555554,128.33333333333334,60.94444444444444,16.444444444444443,46.166666666666664,100.77777777777777,0.2558888888888889,4.547777777777778,2.1666666666666665,2.4444444444444446,5.722222222222222,0.16666666666666666,554.2777777777778,0.16666666666666666,65.16666666666667,205.0,72.0,5959.0,0.0,0,0,0,0,0,0,0,1,0
5.733333333333333,5.0,29.733333333333334,11.866666666666667,0.7333333333333333,0.3333333333333333,4.2,276.0,72.2,37.53333333333333,9.866666666666667,44.4,105.46666666666667,0.22485714285714287,3.9986666666666664,1.4666666666666666,4.266666666666667,6.6,0.4,390.8666666666667,9.2,39.93333333333333,210.0,77.0,5150.0,0.0,0,0,0,0,0,0,0,1,0
4.619047619047619,6.190476190476191,34.23809523809524,11.80952380952381,0.2857142857142857,0.14285714285714285,0.09523809523809523,290.95238095238096,103.23809523809524,51.80952380952381,9.523809523809524,46.57142857142857,56.61904761904762,0.25304999999999994,4.579999999999999,3.4761904761904763,4.142857142857143,7.380952380952381,0.6190476190476191,430.3809523809524,6.333333333333333,57.523809523809526,240.0,78.0,6660.0,0.0,0,0,0,0,0,0,0,1,0
6.909090909090909,5.2727272727272725,20.272727272727273,18.727272727272727,0.09090909090909091,0.0,0.0,321.54545454545456,89.0,44.0,13.727272727272727,40.45454545454545,86.0,0.21436363636363637,3.4872727272727273,1.9090909090909092,3.1818181818181817,2.8181818181818183,0.6363636363636364,447.8181818181818,0.2727272727272727,46.81818181818182,255.0,82.0,4056.0,0.0,0,0,0,0,0,0,0,1,0
11.0,7.583333333333333,29.5,25.166666666666668,0.8333333333333334,0.4166666666666667,0.0,489.75,142.41666666666666,66.41666666666667,13.416666666666666,74.83333333333333,136.41666666666666,0.24733333333333332,4.6433333333333335,3.4166666666666665,4.833333333333333,8.5,0.4166666666666667,699.0833333333334,0.9166666666666666,73.25,275.0,76.0,4050.0,0.0,0,0,0,0,0,0,0,1,0
11.0,9.533333333333333,28.866666666666667,28.066666666666666,0.8,0.3333333333333333,0.0,515.3333333333334,158.73333333333332,77.13333333333334,18.8,70.93333333333334,125.66666666666667,0.25606666666666666,4.556,3.466666666666667,3.3333333333333335,6.466666666666667,0.5333333333333333,733.4,0.6,83.6,205.0,74.0,5548.0,0.0,0,0,0,0,0,0,0,1,0
