g_y,ab,r_y,h_y,double,triple,hr_y,rbi,sb,bb_y,so_y,hbp_y,sh_y,g_all,weight,height,career_length,HoF_nomination,"(1929.9, 1939.9]","(1939.9, 1949.9]","(1949.9, 1959.9]","(1959.9, 1969.9]","(1969.9, 1979.9]","(1979.9, 1989.9]","(1989.9, 1999.9]","(1999.9, 2009.9]","(2009.9, 2019.9]"
121.25,424.0,72.65,123.5,28.7,2.95,14.4,68.15,20.0,73.8,92.0,1.65,0.35,127.63157894736842,220.0,72.0,6601.0,0.0,0,0,0,0,0,0,0,0,0
18.333333333333332,44.333333333333336,6.0,10.333333333333334,2.3333333333333335,0.0,0.6666666666666666,4.666666666666667,1.0,2.6666666666666665,9.666666666666666,0.3333333333333333,0.6666666666666666,18.333333333333332,245.0,74.0,3520.0,0.0,0,0,0,0,0,0,0,0,0
53.09090909090909,128.0,15.727272727272727,31.636363636363637,4.2727272727272725,1.7272727272727273,1.0909090909090908,10.0,4.454545454545454,10.181818181818182,20.272727272727273,1.2727272727272727,2.5454545454545454,58.4,165.0,71.0,3390.0,0.0,0,0,0,0,0,0,0,0,0
122.0,442.7,57.2,122.3,22.2,4.3,4.8,41.7,14.1,22.6,54.3,4.2,6.9,122.0,180.0,70.0,3428.0,0.0,0,0,0,0,0,0,0,0,0
53.42857142857143,128.07142857142858,17.428571428571427,33.857142857142854,7.714285714285714,1.0714285714285714,3.857142857142857,16.785714285714285,1.0,9.928571428571429,33.714285714285715,0.6428571428571429,0.07142857142857142,62.333333333333336,220.0,74.0,3746.0,0.0,0,0,0,0,0,0,0,0,0
74.26666666666667,230.66666666666666,26.4,54.13333333333333,12.466666666666667,0.06666666666666667,9.066666666666666,32.0,0.13333333333333333,13.8,42.53333333333333,3.066666666666667,1.8666666666666667,74.26666666666667,250.0,74.0,4757.0,0.0,0,0,0,0,0,0,0,0,0
53.27272727272727,161.63636363636363,14.727272727272727,41.09090909090909,9.909090909090908,0.2727272727272727,3.5454545454545454,20.0,0.09090909090909091,15.909090909090908,27.181818181818183,0.2727272727272727,1.0,53.27272727272727,225.0,75.0,3312.0,0.0,0,0,0,0,0,0,0,0,0
91.23076923076923,292.6923076923077,33.38461538461539,71.6923076923077,16.0,1.3076923076923077,6.846153846153846,31.923076923076923,3.3076923076923075,16.615384615384617,56.46153846153846,4.615384615384615,4.615384615384615,91.23076923076923,200.0,73.0,4412.0,0.0,0,0,0,0,0,0,0,0,0
89.2,314.1,43.5,84.9,15.6,2.6,3.1,28.6,12.3,27.5,52.6,4.8,3.1,89.2,190.0,72.0,3533.0,0.0,0,0,0,0,0,0,0,0,0
87.6875,294.75,50.625,75.75,15.1875,1.0,17.875,49.5625,3.625,49.625,63.125,3.9375,1.4375,87.6875,205.0,72.0,4200.0,0.0,0,0,0,0,0,0,0,0,0
98.3076923076923,346.53846153846155,56.69230769230769,92.3076923076923,18.46153846153846,2.3076923076923075,17.076923076923077,58.0,7.3076923076923075,48.92307692307692,93.53846153846153,4.3076923076923075,0.5384615384615384,98.3076923076923,210.0,74.0,3717.0,0.0,0,0,0,0,0,0,0,0,0
142.61111111111111,539.5555555555555,74.38888888888889,153.72222222222223,31.11111111111111,1.9444444444444444,22.944444444444443,81.5,6.555555555555555,40.388888888888886,84.33333333333333,4.5,0.7777777777777778,142.61111111111111,220.0,71.0,6311.0,0.0,0,0,0,0,0,0,0,0,0
115.3,437.45,72.45,122.7,25.15,3.9,19.6,72.15,15.55,50.8,79.6,2.3,0.9,121.36842105263158,215.0,73.0,6229.0,0.0,0,0,0,0,0,0,0,0,0
117.4375,405.6875,71.625,119.0625,26.375,1.875,22.875,77.125,5.375,75.0625,81.25,4.125,0.0625,117.4375,220.0,73.0,5177.0,0.0,0,0,0,0,0,0,0,0,0
57.5,149.5,18.857142857142858,39.857142857142854,9.0,0.5714285714285714,5.357142857142857,20.214285714285715,0.6428571428571429,15.071428571428571,43.714285714285715,0.2857142857142857,0.5714285714285714,61.92307692307692,220.0,74.0,4377.0,0.0,0,0,0,0,0,0,0,0,0
84.33333333333333,300.0,42.93333333333333,79.06666666666666,17.6,1.2,11.133333333333333,41.06666666666667,2.4,29.666666666666668,69.13333333333334,4.8,1.8,84.33333333333333,205.0,74.0,4400.0,0.0,0,0,0,0,0,0,0,0,0
45.75,108.875,12.625,29.0,6.75,1.0,1.375,9.375,0.25,7.0,15.875,1.375,3.25,45.75,195.0,70.0,4187.0,0.0,0,0,0,0,0,0,0,0,0
57.11764705882353,162.41176470588235,16.11764705882353,36.1764705882353,8.529411764705882,0.6470588235294118,4.235294117647059,17.529411764705884,0.35294117647058826,14.941176470588236,32.11764705882353,0.5294117647058824,2.176470588235294,61.4,220.0,71.0,5904.0,0.0,0,0,0,0,0,0,0,0,0
70.33333333333333,192.73333333333332,26.533333333333335,51.86666666666667,7.333333333333333,1.5333333333333334,1.2,15.0,8.866666666666667,12.6,32.93333333333333,1.0666666666666667,1.6666666666666667,70.33333333333333,200.0,71.0,4683.0,0.0,0,0,0,0,0,0,0,0,0
92.6,264.4,29.733333333333334,66.0,13.733333333333333,1.0,6.6,31.933333333333334,1.2666666666666666,22.133333333333333,44.46666666666667,2.2,1.4,92.6,220.0,75.0,4726.0,0.0,0,0,0,0,0,0,0,0,0
104.0,367.4166666666667,52.5,97.75,14.833333333333334,5.25,2.5833333333333335,26.916666666666668,27.166666666666668,34.75,86.0,1.5833333333333333,3.6666666666666665,113.45454545454545,180.0,70.0,3353.0,0.0,0,0,0,0,0,0,0,0,0
74.42857142857143,257.5,38.642857142857146,69.71428571428571,14.428571428571429,1.2142857142857142,8.928571428571429,34.357142857142854,6.285714285714286,35.42857142857143,58.357142857142854,3.142857142857143,1.0,74.42857142857143,215.0,72.0,3945.0,0.0,0,0,0,0,0,0,0,0,0
52.95,146.7,20.25,34.1,7.15,0.4,9.7,23.35,0.8,20.15,55.9,1.5,0.2,55.73684210526316,235.0,76.0,4748.0,0.0,0,0,0,0,0,0,0,0,0
83.84615384615384,277.84615384615387,29.923076923076923,64.92307692307692,13.23076923076923,0.6923076923076923,10.307692307692308,37.76923076923077,0.46153846153846156,23.615384615384617,73.76923076923077,3.923076923076923,1.0,98.0,245.0,75.0,3747.0,0.0,0,0,0,0,0,0,0,0,0
126.15384615384616,423.3076923076923,59.0,107.15384615384616,23.0,1.2307692307692308,22.46153846153846,75.07692307692308,0.5384615384615384,71.6923076923077,120.3076923076923,2.3846153846153846,0.0,126.15384615384616,235.0,76.0,4144.0,0.0,0,0,0,0,0,0,0,0,0
85.5,303.55555555555554,40.5,83.5,16.944444444444443,2.1666666666666665,8.555555555555555,38.388888888888886,3.111111111111111,20.61111111111111,66.44444444444444,5.166666666666667,0.9444444444444444,92.8,245.0,72.0,4774.0,0.0,0,0,0,0,0,0,0,0,0
124.45454545454545,458.09090909090907,61.45454545454545,130.36363636363637,24.727272727272727,3.3636363636363638,9.090909090909092,54.27272727272727,8.636363636363637,35.45454545454545,60.81818181818182,1.9090909090909092,3.8181818181818183,124.45454545454545,210.0,70.0,3740.0,0.0,0,0,0,0,0,0,0,0,0
149.07692307692307,558.3076923076923,94.53846153846153,179.30769230769232,37.84615384615385,1.2307692307692308,31.384615384615383,111.15384615384616,2.923076923076923,72.0,107.6923076923077,4.076923076923077,0.38461538461538464,149.07692307692307,240.0,76.0,4488.0,0.0,0,0,0,0,0,0,0,0,0
110.27777777777777,420.1111111111111,54.72222222222222,114.16666666666667,25.5,1.7777777777777777,6.833333333333333,47.44444444444444,12.0,28.555555555555557,41.388888888888886,1.7777777777777777,3.1666666666666665,116.76470588235294,195.0,70.0,5133.0,0.0,0,0,0,0,0,0,0,0,0
78.42105263157895,208.21052631578948,26.526315789473685,54.94736842105263,10.157894736842104,1.7894736842105263,2.1578947368421053,20.736842105263158,7.315789473684211,12.789473684210526,25.36842105263158,3.3684210526315788,4.526315789473684,78.42105263157895,225.0,73.0,6013.0,0.0,0,0,0,0,0,0,0,0,0
84.07692307692308,273.53846153846155,30.076923076923077,72.38461538461539,13.076923076923077,1.0769230769230769,4.0,28.384615384615383,1.6923076923076923,26.923076923076923,28.076923076923077,0.46153846153846156,0.7692307692307693,87.0,225.0,69.0,3300.0,0.0,0,0,0,0,0,0,0,0,0
108.61111111111111,379.94444444444446,59.111111111111114,94.44444444444444,21.27777777777778,3.2777777777777777,15.444444444444445,53.77777777777778,16.5,48.166666666666664,105.61111111111111,4.833333333333333,1.7222222222222223,115.0,210.0,74.0,5860.0,0.0,0,0,0,0,0,0,0,0,0
11.25,25.0,2.5,5.0,1.0,0.0,0.25,2.5,0.25,1.5,5.5,0.25,0.5,11.25,225.0,71.0,4293.0,0.0,0,0,0,0,0,0,0,0,0
153.36363636363637,595.9090909090909,87.0909090909091,183.1818181818182,40.54545454545455,2.8181818181818183,21.727272727272727,89.36363636363636,4.545454545454546,41.27272727272727,78.54545454545455,5.7272727272727275,0.9090909090909091,153.36363636363637,210.0,72.0,3806.0,0.0,0,0,0,0,0,0,0,0,0
55.15,131.35,12.65,30.05,6.15,0.65,1.8,11.7,0.25,7.45,23.6,0.05,2.55,55.15,190.0,71.0,5754.0,0.0,0,0,0,0,0,0,0,0,0
40.5,101.85714285714286,11.071428571428571,24.142857142857142,4.714285714285714,0.0,4.785714285714286,15.5,0.14285714285714285,10.785714285714286,26.785714285714285,0.35714285714285715,0.5714285714285714,40.5,240.0,75.0,4334.0,0.0,0,0,0,0,0,0,0,0,0
72.91666666666667,213.75,22.083333333333332,52.416666666666664,9.666666666666666,1.6666666666666667,3.3333333333333335,19.916666666666668,3.25,12.166666666666666,47.25,1.25,4.5,78.6,195.0,72.0,3353.0,0.0,0,0,0,0,0,0,0,0,0
82.21428571428571,224.92857142857142,27.5,60.642857142857146,10.0,2.4285714285714284,2.142857142857143,19.0,7.571428571428571,12.857142857142858,25.428571428571427,0.14285714285714285,6.142857142857143,82.21428571428571,170.0,71.0,4869.0,0.0,0,0,0,0,0,0,0,0,0
95.0,324.5882352941176,48.0,86.88235294117646,18.705882352941178,1.411764705882353,15.294117647058824,53.05882352941177,2.9411764705882355,37.588235294117645,63.470588235294116,0.8823529411764706,0.0,95.0,215.0,73.0,5752.0,0.0,0,0,0,0,0,0,0,0,0
93.75,344.3333333333333,54.083333333333336,96.91666666666667,20.666666666666668,2.0833333333333335,11.583333333333334,45.75,9.333333333333334,48.583333333333336,87.08333333333333,9.0,0.5,93.75,210.0,71.0,3818.0,0.0,0,0,0,0,0,0,0,0,0
79.5625,213.0,22.5,51.75,8.75,2.4375,2.1875,17.875,2.9375,15.5,26.4375,5.625,3.8125,79.5625,200.0,72.0,4861.0,0.0,0,0,0,0,0,0,0,0,0
90.22222222222223,263.3888888888889,35.94444444444444,67.11111111111111,12.11111111111111,2.2222222222222223,2.3333333333333335,21.666666666666668,5.722222222222222,32.72222222222222,36.833333333333336,3.0,3.1666666666666665,90.22222222222223,180.0,72.0,5855.0,0.0,0,0,0,0,0,0,0,0,0
120.42857142857143,469.57142857142856,70.71428571428571,136.85714285714286,21.928571428571427,8.714285714285714,9.714285714285714,54.285714285714285,34.285714285714285,26.642857142857142,75.42857142857143,3.2857142857142856,2.4285714285714284,120.42857142857143,230.0,74.0,4824.0,0.0,0,0,0,0,0,0,0,0,0
104.57142857142857,391.7142857142857,58.785714285714285,104.92857142857143,20.071428571428573,3.7857142857142856,8.357142857142858,41.714285714285715,21.357142857142858,36.785714285714285,56.214285714285715,0.35714285714285715,5.428571428571429,104.57142857142857,185.0,70.0,4798.0,0.0,0,0,0,0,0,0,0,0,0
101.36363636363636,372.1818181818182,52.81818181818182,101.63636363636364,20.454545454545453,1.0,21.90909090909091,62.72727272727273,6.545454545454546,33.09090909090909,92.27272727272727,2.4545454545454546,0.18181818181818182,101.36363636363636,230.0,74.0,3668.0,0.0,0,0,0,0,0,0,0,0,0
67.0,210.7,31.1,51.0,9.6,0.2,10.5,32.3,0.6,44.4,81.9,1.2,0.0,67.0,250.0,73.0,3591.0,0.0,0,0,0,0,0,0,0,0,0
138.33333333333334,540.8888888888889,92.66666666666667,153.83333333333334,29.0,6.055555555555555,13.055555555555555,63.27777777777778,22.666666666666668,55.72222222222222,69.83333333333333,2.7777777777777777,3.1666666666666665,138.33333333333334,205.0,74.0,6199.0,0.0,0,0,0,0,0,0,0,0,0
88.91666666666667,269.4166666666667,39.166666666666664,72.5,14.666666666666666,3.1666666666666665,3.5833333333333335,25.416666666666668,26.833333333333332,16.25,50.166666666666664,3.0,1.3333333333333333,88.91666666666667,195.0,69.0,3337.0,0.0,0,0,0,0,0,0,0,0,0
92.0,326.25,46.25,89.625,18.0,4.0625,6.1875,35.8125,4.125,31.875,52.375,6.75,2.6875,103.84615384615384,190.0,71.0,4404.0,0.0,0,0,0,0,0,0,0,0,0
73.0,213.7058823529412,31.647058823529413,57.35294117647059,11.529411764705882,0.7058823529411765,5.882352941176471,29.058823529411764,1.3529411764705883,21.058823529411764,41.588235294117645,3.0588235294117645,0.8823529411764706,73.0,215.0,73.0,5506.0,0.0,0,0,0,0,0,0,0,0,0
61.333333333333336,156.75,17.666666666666668,45.5,8.166666666666666,1.1666666666666667,3.75,18.833333333333332,2.75,8.833333333333334,31.5,3.1666666666666665,0.8333333333333334,66.9090909090909,215.0,72.0,3591.0,0.0,0,0,0,0,0,0,0,0,0
79.91666666666667,174.75,17.0,45.666666666666664,8.833333333333334,0.75,3.8333333333333335,22.833333333333332,1.1666666666666667,11.0,33.5,1.0833333333333333,0.3333333333333333,87.18181818181819,205.0,73.0,3576.0,0.0,0,0,0,0,0,0,0,0,0
98.0,309.3,35.0,81.8,19.1,0.7,10.4,41.3,1.2,23.2,62.1,5.3,0.3,98.0,220.0,73.0,3402.0,0.0,0,0,0,0,0,0,0,0,0
111.85714285714286,369.5,67.42857142857143,102.64285714285714,19.5,3.4285714285714284,17.285714285714285,56.785714285714285,6.214285714285714,61.57142857142857,81.21428571428571,3.9285714285714284,1.3571428571428572,111.85714285714286,200.0,73.0,4768.0,0.0,0,0,0,0,0,0,0,0,0
96.0,347.0833333333333,44.333333333333336,87.25,20.0,5.166666666666667,9.5,40.5,3.4166666666666665,34.25,72.83333333333333,0.9166666666666666,1.8333333333333333,115.2,190.0,72.0,3356.0,0.0,0,0,0,0,0,0,0,0,0
110.38461538461539,393.61538461538464,53.07692307692308,103.3076923076923,19.76923076923077,1.9230769230769231,8.076923076923077,42.30769230769231,6.3076923076923075,33.69230769230769,61.61538461538461,5.769230769230769,4.538461538461538,119.58333333333333,190.0,70.0,4554.0,0.0,0,0,0,0,0,0,0,0,0
112.75,400.6666666666667,60.833333333333336,106.75,23.083333333333332,0.6666666666666666,22.333333333333332,67.91666666666667,4.5,47.916666666666664,72.16666666666667,6.333333333333333,0.0,112.75,230.0,73.0,3754.0,0.0,0,0,0,0,0,0,0,0,0
141.7,474.2,63.6,135.4,30.1,3.4,15.9,68.2,2.9,51.3,92.2,5.8,0.2,141.7,210.0,74.0,3442.0,0.0,0,0,0,0,0,0,0,0,0
80.0,250.72727272727272,30.363636363636363,60.72727272727273,12.272727272727273,1.3636363636363635,3.6363636363636362,25.727272727272727,6.090909090909091,15.818181818181818,41.36363636363637,3.3636363636363638,7.2727272727272725,80.0,180.0,72.0,3587.0,0.0,0,0,0,0,0,0,0,0,0
138.36363636363637,499.54545454545456,75.72727272727273,143.27272727272728,27.727272727272727,0.9090909090909091,28.272727272727273,89.45454545454545,1.6363636363636365,74.0909090909091,99.27272727272727,10.636363636363637,0.0,138.36363636363637,275.0,71.0,3765.0,0.0,0,0,0,0,0,0,0,0,0
106.83333333333333,391.75,59.0,108.16666666666667,15.666666666666666,4.833333333333333,2.9166666666666665,33.583333333333336,28.416666666666668,45.0,69.33333333333333,0.8333333333333334,5.75,106.83333333333333,180.0,68.0,4310.0,0.0,0,0,0,0,0,0,0,0,0
86.5,264.1666666666667,39.166666666666664,70.83333333333333,13.833333333333334,1.6666666666666667,5.833333333333333,29.333333333333332,8.0,25.666666666666668,41.5,6.166666666666667,1.1666666666666667,86.5,200.0,72.0,3411.0,0.0,0,0,0,0,0,0,0,0,0
57.111111111111114,138.44444444444446,14.88888888888889,35.77777777777778,6.333333333333333,0.5555555555555556,1.6666666666666667,12.222222222222221,0.7777777777777778,7.111111111111111,14.222222222222221,4.0,1.2222222222222223,57.111111111111114,190.0,72.0,3445.0,0.0,0,0,0,0,0,0,0,0,0
107.6,431.8,70.86666666666666,121.13333333333334,20.733333333333334,4.6,7.533333333333333,39.13333333333333,20.933333333333334,42.86666666666667,60.666666666666664,1.4666666666666666,3.6666666666666665,123.46153846153847,195.0,68.0,5191.0,0.0,0,0,0,0,0,0,0,0,0
40.9,101.6,15.9,28.4,5.4,1.5,0.8,11.1,3.4,11.7,18.7,1.3,1.7,40.9,195.0,69.0,3416.0,0.0,0,0,0,0,0,0,0,0,0
107.61904761904762,346.04761904761904,58.42857142857143,95.71428571428571,19.285714285714285,0.42857142857142855,20.952380952380953,68.61904761904762,0.9523809523809523,65.04761904761905,74.85714285714286,8.571428571428571,0.09523809523809523,107.61904761904762,240.0,75.0,7082.0,0.0,0,0,0,0,0,0,0,0,0
93.33333333333333,324.1111111111111,40.44444444444444,84.33333333333333,18.444444444444443,0.7777777777777778,14.11111111111111,47.44444444444444,0.2222222222222222,24.88888888888889,49.111111111111114,1.7777777777777777,0.1111111111111111,93.33333333333333,195.0,72.0,3710.0,0.0,0,0,0,0,0,0,0,0,0
126.76923076923077,474.6923076923077,69.15384615384616,137.84615384615384,29.53846153846154,0.9230769230769231,22.307692307692307,81.23076923076923,0.46153846153846156,53.53846153846154,92.84615384615384,3.076923076923077,0.3076923076923077,137.33333333333334,220.0,74.0,4186.0,0.0,0,0,0,0,0,0,0,0,0
89.38888888888889,320.8888888888889,37.05555555555556,78.77777777777777,18.444444444444443,1.7222222222222223,8.722222222222221,38.333333333333336,1.6666666666666667,16.666666666666668,64.88888888888889,4.388888888888889,2.7777777777777777,89.38888888888889,210.0,73.0,5714.0,0.0,0,0,0,0,0,0,0,0,0
124.91666666666667,465.1666666666667,79.25,119.58333333333333,21.583333333333332,7.0,21.916666666666668,61.833333333333336,11.75,57.0,121.58333333333333,3.9166666666666665,2.4166666666666665,124.91666666666667,200.0,73.0,4038.0,0.0,0,0,0,0,0,0,0,0,0
134.1875,509.6875,83.0,161.875,29.8125,2.875,28.0625,93.5,11.3125,46.0625,61.5625,6.4375,0.0,134.1875,235.0,75.0,5487.0,0.0,0,0,0,0,0,0,0,0,0
93.21428571428571,333.7857142857143,52.357142857142854,95.07142857142857,19.0,3.642857142857143,8.857142857142858,47.142857142857146,5.285714285714286,36.42857142857143,57.42857142857143,1.5714285714285714,2.0,93.21428571428571,215.0,73.0,4760.0,0.0,0,0,0,0,0,0,0,0,0
82.1,272.8,35.3,70.4,13.8,0.9,8.2,31.4,7.7,19.2,63.5,1.9,3.1,82.1,200.0,74.0,3686.0,0.0,0,0,0,0,0,0,0,0,0
9.6,19.0,2.8,4.0,0.6,0.0,0.2,1.4,2.0,0.8,3.4,0.4,0.0,9.6,165.0,70.0,3319.0,0.0,0,0,0,0,0,0,0,0,0
98.58333333333333,338.1666666666667,51.583333333333336,92.25,20.833333333333332,1.0833333333333333,17.75,60.916666666666664,0.9166666666666666,49.833333333333336,81.33333333333333,7.5,0.0,98.58333333333333,240.0,75.0,4072.0,0.0,0,0,0,0,0,0,0,0,0
75.89473684210526,230.89473684210526,30.526315789473685,59.26315789473684,12.263157894736842,1.1578947368421053,3.6842105263157894,22.105263157894736,7.7368421052631575,19.63157894736842,30.105263157894736,4.421052631578948,4.631578947368421,80.11111111111111,195.0,70.0,5493.0,0.0,0,0,0,0,0,0,0,0,0
65.92857142857143,173.64285714285714,21.428571428571427,42.07142857142857,9.5,1.2142857142857142,7.571428571428571,22.357142857142858,2.5714285714285716,12.5,41.214285714285715,1.5,0.7142857142857143,69.83333333333333,200.0,72.0,3796.0,0.0,0,0,0,0,0,0,0,0,0
124.81818181818181,467.8181818181818,59.18181818181818,120.36363636363636,22.636363636363637,1.1818181818181819,15.909090909090908,56.0,0.7272727272727273,33.90909090909091,76.72727272727273,1.2727272727272727,3.4545454545454546,124.81818181818181,200.0,73.0,3835.0,0.0,0,0,0,0,0,0,0,0,0
52.9,169.4,20.8,43.4,9.9,0.7,3.3,16.7,0.5,13.2,34.3,1.7,1.8,52.9,200.0,73.0,3291.0,0.0,0,0,0,0,0,0,0,0,0
87.16666666666667,203.41666666666666,30.416666666666668,48.333333333333336,8.333333333333334,2.0,3.25,17.666666666666668,8.916666666666666,25.5,41.666666666666664,2.0833333333333335,2.3333333333333335,87.16666666666667,195.0,69.0,3948.0,0.0,0,0,0,0,0,0,0,0,0
95.27272727272727,339.0,49.90909090909091,91.72727272727273,20.09090909090909,3.0,14.727272727272727,48.90909090909091,7.7272727272727275,26.0,77.54545454545455,4.7272727272727275,1.3636363636363635,95.27272727272727,240.0,78.0,4044.0,0.0,0,0,0,0,0,0,0,0,0
91.0,293.4,40.0,80.6,17.6,2.3,12.4,49.2,1.3,43.0,81.0,1.4,0.1,91.0,190.0,74.0,3369.0,0.0,0,0,0,0,0,0,0,0,0
93.23076923076923,208.53846153846155,21.53846153846154,53.38461538461539,11.615384615384615,1.0769230769230769,5.769230769230769,28.76923076923077,0.23076923076923078,16.923076923076923,52.84615384615385,3.4615384615384617,0.9230769230769231,93.23076923076923,230.0,76.0,4725.0,0.0,0,0,0,0,0,0,0,0,0
132.1764705882353,468.3529411764706,82.41176470588235,148.1764705882353,34.8235294117647,2.176470588235294,21.705882352941178,82.70588235294117,2.176470588235294,78.52941176470588,69.11764705882354,3.3529411764705883,0.17647058823529413,132.1764705882353,220.0,74.0,5902.0,0.0,0,0,0,0,0,0,0,0,0
101.73333333333333,340.3333333333333,38.666666666666664,89.66666666666667,17.466666666666665,0.5333333333333333,11.266666666666667,50.46666666666667,0.6,28.666666666666668,48.93333333333333,4.933333333333334,2.6666666666666665,101.73333333333333,220.0,72.0,5097.0,0.0,0,0,0,0,0,0,0,0,0
116.66666666666667,433.3333333333333,56.75,116.08333333333333,25.75,1.75,12.583333333333334,54.166666666666664,5.833333333333333,32.583333333333336,64.58333333333333,4.333333333333333,1.5833333333333333,127.27272727272727,200.0,71.0,3789.0,0.0,0,0,0,0,0,0,0,0,0
31.0,86.45454545454545,7.545454545454546,17.90909090909091,4.0,0.36363636363636365,0.7272727272727273,7.0,0.2727272727272727,7.0,24.90909090909091,0.18181818181818182,1.0909090909090908,31.0,205.0,73.0,3971.0,0.0,0,0,0,0,0,0,0,0,0
99.07142857142857,271.2142857142857,39.214285714285715,67.64285714285714,17.142857142857142,1.2857142857142858,9.785714285714286,37.285714285714285,4.357142857142857,32.285714285714285,67.78571428571429,2.142857142857143,0.0,99.07142857142857,235.0,74.0,4105.0,0.0,0,0,0,0,0,0,0,0,0
127.92307692307692,477.0,81.23076923076923,146.23076923076923,32.92307692307692,2.3846153846153846,21.153846153846153,83.92307692307692,8.23076923076923,54.53846153846154,89.15384615384616,8.692307692307692,0.07692307692307693,127.92307692307692,250.0,76.0,4188.0,0.0,0,0,0,0,0,0,0,0,0
121.66666666666667,448.0,67.75,117.5,22.25,1.75,29.75,94.58333333333333,1.0,56.833333333333336,144.08333333333334,4.833333333333333,0.0,121.66666666666667,250.0,76.0,4030.0,0.0,0,0,0,0,0,0,0,0,0
112.08333333333333,402.0833333333333,54.0,109.91666666666667,21.333333333333332,5.5,7.75,45.166666666666664,7.083333333333333,40.25,68.75,2.5,2.75,122.27272727272727,190.0,72.0,3724.0,0.0,0,0,0,0,0,0,0,0,0
112.06666666666666,406.93333333333334,53.733333333333334,113.26666666666667,24.0,1.6,16.133333333333333,60.266666666666666,2.466666666666667,38.06666666666667,60.46666666666667,3.2,0.0,112.06666666666666,225.0,76.0,4445.0,0.0,0,0,0,0,0,0,0,0,0
124.84210526315789,466.1578947368421,68.21052631578948,129.05263157894737,26.210526315789473,2.0526315789473686,18.57894736842105,73.21052631578948,10.263157894736842,34.78947368421053,91.63157894736842,5.105263157894737,0.3157894736842105,124.84210526315789,220.0,74.0,6616.0,0.0,0,0,0,0,0,0,0,0,0
85.2,255.3,33.2,59.0,12.5,1.0,10.0,37.8,1.1,43.3,71.3,5.3,0.7,85.2,230.0,72.0,3319.0,0.0,0,0,0,0,0,0,0,0,0
108.05,373.55,52.75,101.7,21.2,2.55,15.25,60.35,2.5,35.65,68.7,1.45,0.1,113.73684210526316,225.0,74.0,6632.0,0.0,0,0,0,0,0,0,0,0,0
97.86666666666666,342.46666666666664,39.53333333333333,93.0,16.733333333333334,3.466666666666667,5.466666666666667,35.4,5.333333333333333,19.133333333333333,50.2,0.9333333333333333,4.133333333333334,104.85714285714286,195.0,71.0,4759.0,0.0,0,0,0,0,0,0,0,0,0
109.42857142857143,358.14285714285717,40.214285714285715,83.28571428571429,16.285714285714285,2.7142857142857144,10.857142857142858,46.285714285714285,3.2142857142857144,31.642857142857142,93.28571428571429,4.857142857142857,3.2142857142857144,117.84615384615384,190.0,71.0,4492.0,0.0,0,0,0,0,0,0,0,0,0
44.36363636363637,85.81818181818181,10.363636363636363,21.90909090909091,4.454545454545454,0.45454545454545453,2.090909090909091,12.454545454545455,0.2727272727272727,7.7272727272727275,23.363636363636363,0.8181818181818182,0.5454545454545454,60.125,220.0,75.0,3454.0,0.0,0,0,0,0,0,0,0,0,0
81.875,271.875,27.5625,68.9375,11.0625,2.125,1.0625,19.5,6.875,14.125,26.9375,1.375,3.9375,87.33333333333333,180.0,69.0,4481.0,0.0,0,0,0,0,0,0,0,0,0
82.63636363636364,273.90909090909093,36.90909090909091,73.63636363636364,14.454545454545455,1.5454545454545454,3.5454545454545454,30.363636363636363,8.454545454545455,24.272727272727273,32.27272727272727,2.1818181818181817,2.0,82.63636363636364,185.0,68.0,3516.0,0.0,0,0,0,0,0,0,0,0,0
137.35,559.75,96.15,173.25,27.2,3.3,13.0,65.55,17.9,54.1,92.0,8.5,4.85,137.35,195.0,75.0,7062.0,0.0,0,0,0,0,0,0,0,0,0
40.27272727272727,125.63636363636364,16.272727272727273,29.454545454545453,5.545454545454546,0.18181818181818182,5.181818181818182,18.454545454545453,0.09090909090909091,19.454545454545453,22.181818181818183,0.6363636363636364,0.0,40.27272727272727,210.0,74.0,3714.0,0.0,0,0,0,0,0,0,0,0,0
90.57142857142857,302.7857142857143,43.357142857142854,76.07142857142857,15.428571428571429,2.857142857142857,10.357142857142858,36.857142857142854,5.928571428571429,35.07142857142857,77.14285714285714,1.8571428571428572,2.0,115.27272727272727,195.0,73.0,3779.0,0.0,0,0,0,0,0,0,0,0,0
75.63636363636364,245.27272727272728,39.09090909090909,65.72727272727273,15.727272727272727,0.45454545454545453,8.636363636363637,36.18181818181818,2.6363636363636362,47.45454545454545,52.0,6.7272727272727275,0.8181818181818182,75.63636363636364,235.0,75.0,3963.0,0.0,0,0,0,0,0,0,0,0,0
94.28571428571429,259.2857142857143,37.0,72.42857142857143,15.357142857142858,1.6428571428571428,4.642857142857143,29.142857142857142,2.9285714285714284,12.928571428571429,52.0,9.571428571428571,1.7857142857142858,101.53846153846153,180.0,70.0,4552.0,0.0,0,0,0,0,0,0,0,0,0
124.2,472.8,67.5,131.6,22.9,2.7,19.6,65.9,8.4,21.9,97.3,7.8,0.6,124.2,215.0,74.0,3362.0,0.0,0,0,0,0,0,0,0,0,0
129.1764705882353,447.0,70.82352941176471,113.70588235294117,22.529411764705884,2.1176470588235294,25.529411764705884,75.82352941176471,8.941176470588236,52.411764705882355,102.82352941176471,5.705882352941177,0.35294117647058826,129.1764705882353,225.0,73.0,5893.0,0.0,0,0,0,0,0,0,0,0,0
131.52631578947367,472.8421052631579,85.21052631578948,143.47368421052633,28.894736842105264,2.0,24.63157894736842,85.42105263157895,7.894736842105263,79.57894736842105,74.15789473684211,0.9473684210526315,0.15789473684210525,131.52631578947367,210.0,76.0,6962.0,0.0,0,0,0,0,0,0,0,0,0
80.35714285714286,257.57142857142856,37.285714285714285,65.28571428571429,13.357142857142858,0.9285714285714286,8.642857142857142,35.285714285714285,2.357142857142857,33.92857142857143,64.14285714285714,5.357142857142857,0.21428571428571427,80.35714285714286,240.0,75.0,4034.0,0.0,0,0,0,0,0,0,0,0,0
127.0,466.5,73.0,134.6,24.6,3.6,20.5,74.8,18.2,40.3,121.1,2.4,0.1,127.0,210.0,76.0,3411.0,0.0,0,0,0,0,0,0,0,0,0
119.8,458.1,59.8,134.1,27.1,3.2,8.7,55.5,10.1,23.8,84.3,4.7,2.4,119.8,220.0,71.0,3447.0,0.0,0,0,0,0,0,0,0,0,0
120.78571428571429,390.92857142857144,48.714285714285715,106.28571428571429,20.571428571428573,3.0,5.714285714285714,40.785714285714285,12.785714285714286,28.642857142857142,59.92857142857143,5.142857142857143,3.9285714285714284,120.78571428571429,195.0,71.0,4766.0,0.0,0,0,0,0,0,0,0,0,0
81.8,288.2,32.4,81.4,13.9,1.0,4.5,29.5,1.2,19.9,21.4,1.6,3.1,90.88888888888889,185.0,72.0,3321.0,0.0,0,0,0,0,0,0,0,0,0
138.1,550.9,94.2,151.8,32.4,3.4,18.4,70.4,19.7,53.4,72.7,6.5,3.2,138.1,200.0,72.0,3470.0,0.0,0,0,0,0,0,0,0,0,0
123.63157894736842,441.7368421052632,61.1578947368421,123.15789473684211,21.57894736842105,0.42105263157894735,23.105263157894736,74.3157894736842,0.47368421052631576,48.473684210526315,73.21052631578948,5.473684210526316,0.05263157894736842,123.63157894736842,220.0,74.0,6229.0,0.0,0,0,0,0,0,0,0,0,0
78.25,255.91666666666666,26.833333333333332,66.58333333333333,13.083333333333334,0.5833333333333334,5.916666666666667,32.333333333333336,1.1666666666666667,22.25,28.25,3.5833333333333335,0.75,78.25,220.0,75.0,3317.0,0.0,0,0,0,0,0,0,0,0,0
100.73684210526316,340.2105263157895,41.578947368421055,93.89473684210526,18.57894736842105,2.526315789473684,6.684210526315789,37.89473684210526,5.157894736842105,29.157894736842106,39.8421052631579,0.6842105263157895,1.5789473684210527,100.73684210526316,220.0,72.0,5924.0,0.0,0,0,0,0,0,0,0,0,0
94.18181818181819,316.3636363636364,40.18181818181818,83.0,17.0,1.7272727272727273,12.727272727272727,51.27272727272727,1.0909090909090908,32.27272727272727,75.81818181818181,1.0,0.2727272727272727,104.33333333333333,220.0,72.0,3566.0,0.0,0,0,0,0,0,0,0,0,0
61.46153846153846,188.6153846153846,24.153846153846153,45.92307692307692,10.538461538461538,0.6923076923076923,2.923076923076923,18.307692307692307,1.6153846153846154,14.846153846153847,38.0,2.4615384615384617,2.6923076923076925,61.46153846153846,230.0,73.0,4361.0,0.0,0,0,0,0,0,0,0,0,0
45.92307692307692,96.15384615384616,13.615384615384615,21.76923076923077,4.461538461538462,0.9230769230769231,2.5384615384615383,9.615384615384615,0.8461538461538461,14.76923076923077,29.846153846153847,0.9230769230769231,0.8461538461538461,45.92307692307692,220.0,75.0,4172.0,0.0,0,0,0,0,0,0,0,0,0
131.1875,498.9375,70.3125,142.0625,29.3125,1.1875,22.375,85.1875,7.8125,40.9375,61.5,2.9375,0.1875,139.93333333333334,270.0,74.0,4898.0,0.0,0,0,0,0,0,0,0,0,0
114.23529411764706,409.52941176470586,63.588235294117645,115.23529411764706,25.41176470588235,1.7647058823529411,19.470588235294116,63.411764705882355,6.117647058823529,51.411764705882355,95.41176470588235,4.117647058823529,0.11764705882352941,121.375,240.0,77.0,5266.0,0.0,0,0,0,0,0,0,0,0,0
110.2,390.9,50.1,107.0,22.8,1.2,16.6,60.6,0.6,33.9,80.9,1.6,0.3,110.2,195.0,74.0,3319.0,0.0,0,0,0,0,0,0,0,0,0
122.0909090909091,425.45454545454544,45.27272727272727,121.27272727272727,22.818181818181817,1.8181818181818181,9.0,57.72727272727273,3.4545454545454546,34.63636363636363,55.90909090909091,1.3636363636363635,0.6363636363636364,134.3,235.0,75.0,3470.0,0.0,0,0,0,0,0,0,0,0,0
71.0,236.6,30.266666666666666,61.53333333333333,13.4,0.5333333333333333,10.266666666666667,39.13333333333333,1.1333333333333333,22.6,59.2,3.0,0.6666666666666666,76.07142857142857,215.0,74.0,4497.0,0.0,0,0,0,0,0,0,0,0,0
90.13333333333334,317.2,45.86666666666667,85.26666666666667,15.866666666666667,2.2666666666666666,5.333333333333333,31.666666666666668,13.2,29.266666666666666,58.4,2.466666666666667,4.266666666666667,90.13333333333334,175.0,73.0,4147.0,0.0,0,0,0,0,0,0,0,0,0
152.1,594.3,82.2,172.8,35.4,1.7,14.4,71.1,6.3,62.3,85.7,3.6,0.4,152.1,190.0,73.0,3471.0,0.0,0,0,0,0,0,0,0,0,0
129.2,444.1,62.6,114.1,21.4,0.9,14.2,61.7,9.7,59.2,83.8,7.5,1.0,129.2,205.0,70.0,3439.0,0.0,0,0,0,0,0,0,0,0,0
112.78571428571429,420.35714285714283,55.642857142857146,126.85714285714286,26.0,0.21428571428571427,14.285714285714286,70.78571428571429,0.5,43.714285714285715,49.214285714285715,3.0,0.0,112.78571428571429,210.0,74.0,4766.0,0.0,0,0,0,0,0,0,0,0,0
123.6,444.2,65.6,125.3,24.9,1.2,17.5,76.0,1.3,54.7,68.9,2.1,0.0,123.6,210.0,74.0,3401.0,0.0,0,0,0,0,0,0,0,0,0
121.33333333333333,452.0833333333333,68.08333333333333,141.41666666666666,28.583333333333332,2.0,9.916666666666666,62.916666666666664,4.0,61.916666666666664,64.33333333333333,1.5833333333333333,0.4166666666666667,121.33333333333333,225.0,77.0,4198.0,0.0,0,0,0,0,0,0,0,0,0
125.45454545454545,438.45454545454544,53.54545454545455,117.54545454545455,23.363636363636363,0.36363636363636365,20.454545454545453,75.45454545454545,2.090909090909091,45.27272727272727,73.0909090909091,4.818181818181818,0.8181818181818182,125.45454545454545,220.0,75.0,3768.0,0.0,0,0,0,0,0,0,0,0,0
87.08333333333333,271.4166666666667,43.416666666666664,66.91666666666667,15.916666666666666,1.5833333333333333,8.416666666666666,27.75,11.083333333333334,30.5,53.25,4.916666666666667,3.0,95.0,190.0,70.0,3320.0,0.0,0,0,0,0,0,0,0,0,0
85.91666666666667,194.33333333333334,27.666666666666668,51.083333333333336,11.666666666666666,0.8333333333333334,4.916666666666667,24.916666666666668,1.8333333333333333,20.25,41.333333333333336,1.8333333333333333,0.75,85.91666666666667,215.0,72.0,3812.0,0.0,0,0,0,0,0,0,0,0,0
18.0,44.916666666666664,3.5833333333333335,8.666666666666666,2.3333333333333335,0.0,0.9166666666666666,5.583333333333333,0.08333333333333333,4.083333333333333,10.25,1.3333333333333333,0.4166666666666667,18.0,250.0,73.0,4408.0,0.0,0,0,0,0,0,0,0,0,0
59.1875,159.125,15.0,37.0,7.3125,0.1875,2.4375,13.9375,1.25,9.625,36.0,1.625,3.375,59.1875,250.0,72.0,5501.0,0.0,0,0,0,0,0,0,0,0,0
122.0,421.4166666666667,40.416666666666664,119.08333333333333,22.5,0.4166666666666667,8.333333333333334,53.75,3.6666666666666665,32.333333333333336,43.416666666666664,3.5,3.4166666666666665,122.0,220.0,71.0,4126.0,0.0,0,0,0,0,0,0,0,0,0
101.9,336.4,40.1,88.1,18.3,0.6,11.2,50.1,0.3,38.3,77.3,4.8,0.5,101.9,210.0,71.0,3315.0,0.0,0,0,0,0,0,0,0,0,0
87.6,315.8,38.9,86.7,19.1,0.6,13.2,49.3,0.4,25.0,60.5,2.9,0.0,97.33333333333333,220.0,73.0,3421.0,0.0,0,0,0,0,0,0,0,0,0
111.14285714285714,387.2857142857143,56.714285714285715,107.35714285714286,20.214285714285715,1.3571428571428572,12.214285714285714,53.857142857142854,6.642857142857143,37.142857142857146,68.07142857142857,8.357142857142858,3.5714285714285716,111.14285714285714,200.0,71.0,4413.0,0.0,0,0,0,0,0,0,0,0,0
106.21428571428571,392.57142857142856,54.0,110.71428571428571,23.928571428571427,1.5714285714285714,17.214285714285715,68.57142857142857,0.35714285714285715,40.07142857142857,66.85714285714286,3.2142857142857144,0.0,111.25,220.0,76.0,4499.0,0.0,0,0,0,0,0,0,0,0,0
61.69230769230769,194.23076923076923,22.692307692307693,53.69230769230769,10.615384615384615,0.6153846153846154,8.0,27.076923076923077,0.46153846153846156,13.461538461538462,50.15384615384615,3.6153846153846154,0.0,64.9090909090909,245.0,77.0,3778.0,0.0,0,0,0,0,0,0,0,0,0
37.22222222222222,93.11111111111111,11.333333333333334,19.77777777777778,5.111111111111111,0.4444444444444444,3.6666666666666665,13.222222222222221,0.7777777777777778,7.111111111111111,29.333333333333332,1.7777777777777777,0.5555555555555556,37.22222222222222,190.0,70.0,3576.0,0.0,0,0,0,0,0,0,0,0,0
64.06666666666666,197.93333333333334,24.333333333333332,53.13333333333333,10.6,0.4666666666666667,6.933333333333334,27.333333333333332,1.2666666666666666,12.6,41.733333333333334,3.8666666666666667,0.4666666666666667,68.64285714285714,215.0,74.0,4964.0,0.0,0,0,0,0,0,0,0,0,0
101.63636363636364,326.3636363636364,49.54545454545455,82.72727272727273,17.363636363636363,0.8181818181818182,18.545454545454547,52.45454545454545,3.0,47.54545454545455,101.0,5.181818181818182,0.18181818181818182,101.63636363636364,225.0,73.0,3439.0,0.0,0,0,0,0,0,0,0,0,0
69.84615384615384,223.30769230769232,22.76923076923077,56.84615384615385,9.923076923076923,0.3076923076923077,5.461538461538462,25.53846153846154,1.0,18.615384615384617,34.38461538461539,1.3076923076923077,2.230769230769231,69.84615384615384,205.0,69.0,4043.0,0.0,0,0,0,0,0,0,0,0,0
32.84615384615385,89.53846153846153,6.769230769230769,21.615384615384617,4.153846153846154,0.15384615384615385,0.7692307692307693,8.76923076923077,0.23076923076923078,4.6923076923076925,17.53846153846154,0.46153846153846156,1.2307692307692308,35.583333333333336,190.0,71.0,4665.0,0.0,0,0,0,0,0,0,0,0,0
63.166666666666664,159.58333333333334,19.583333333333332,38.333333333333336,9.166666666666666,0.9166666666666666,5.75,20.75,0.75,10.166666666666666,44.5,0.5833333333333334,0.3333333333333333,63.166666666666664,220.0,73.0,3677.0,0.0,0,0,0,0,0,0,0,0,0
74.93333333333334,251.0,29.0,60.333333333333336,11.8,1.7333333333333334,9.666666666666666,32.666666666666664,3.533333333333333,10.533333333333333,70.66666666666667,1.9333333333333333,1.1333333333333333,74.93333333333334,230.0,72.0,4256.0,0.0,0,0,0,0,0,0,0,0,0
36.333333333333336,74.0,8.833333333333334,17.0,3.0,0.3333333333333333,0.3333333333333333,4.5,1.0,4.333333333333333,15.0,0.16666666666666666,2.0,36.333333333333336,165.0,71.0,3419.0,0.0,0,0,0,0,0,0,0,0,0
123.2,465.2,71.73333333333333,143.73333333333332,28.4,1.4,19.6,82.4,6.266666666666667,43.4,56.8,3.0,0.2,123.2,215.0,72.0,5142.0,0.0,0,0,0,0,0,0,0,0,0
118.78947368421052,426.4736842105263,70.52631578947368,121.21052631578948,30.736842105263158,0.9473684210526315,26.473684210526315,86.36842105263158,0.7894736842105263,65.21052631578948,87.57894736842105,1.894736842105263,0.10526315789473684,118.78947368421052,230.0,75.0,6606.0,0.0,0,0,0,0,0,0,0,0,0
99.5,358.9,51.3,100.6,19.6,5.0,5.2,35.9,16.1,27.7,57.2,0.4,2.1,99.5,200.0,74.0,3471.0,0.0,0,0,0,0,0,0,0,0,0
87.85714285714286,297.92857142857144,40.785714285714285,75.0,14.071428571428571,2.4285714285714284,8.428571428571429,30.785714285714285,15.571428571428571,14.714285714285714,66.64285714285714,2.2142857142857144,4.5,94.61538461538461,180.0,70.0,4026.0,0.0,0,0,0,0,0,0,0,0,0
124.4,496.1,76.9,148.2,33.9,1.4,11.8,58.8,12.7,51.1,53.0,3.6,2.2,124.4,175.0,69.0,3330.0,0.0,0,0,0,0,0,0,0,0,0
57.18181818181818,163.0909090909091,12.363636363636363,42.36363636363637,8.363636363636363,0.18181818181818182,2.090909090909091,14.909090909090908,0.5454545454545454,9.454545454545455,19.272727272727273,0.6363636363636364,1.0,57.18181818181818,240.0,69.0,3786.0,0.0,0,0,0,0,0,0,0,0,0
93.3125,309.3125,46.5625,71.625,14.4375,1.625,17.875,51.125,1.8125,51.0625,98.5625,4.6875,0.375,100.28571428571429,225.0,74.0,4693.0,0.0,0,0,0,0,0,0,0,0,0
59.9,170.3,21.1,42.5,7.0,0.5,8.4,24.0,1.2,11.1,55.9,2.3,0.1,66.55555555555556,260.0,75.0,3302.0,0.0,0,0,0,0,0,0,0,0,0
121.07142857142857,446.85714285714283,57.214285714285715,119.64285714285714,25.642857142857142,1.6428571428571428,13.857142857142858,60.285714285714285,1.2142857142857142,41.57142857142857,98.64285714285714,2.642857142857143,0.9285714285714286,121.07142857142857,215.0,74.0,4497.0,0.0,0,0,0,0,0,0,0,0,0
114.85714285714286,445.2142857142857,60.42857142857143,121.64285714285714,21.428571428571427,2.357142857142857,13.285714285714286,58.92857142857143,13.142857142857142,26.928571428571427,67.42857142857143,5.428571428571429,2.5,114.85714285714286,210.0,72.0,4769.0,0.0,0,0,0,0,0,0,0,0,0
142.42857142857142,537.5,76.78571428571429,158.35714285714286,18.214285714285715,6.714285714285714,1.2857142857142858,36.92857142857143,43.857142857142854,33.142857142857146,34.214285714285715,7.285714285714286,11.928571428571429,142.42857142857142,180.0,70.0,4801.0,0.0,0,0,0,0,0,0,0,0,0
104.10526315789474,370.6842105263158,41.68421052631579,104.6842105263158,20.63157894736842,1.263157894736842,9.789473684210526,46.63157894736842,0.7368421052631579,15.894736842105264,45.578947368421055,6.631578947368421,1.4736842105263157,109.88888888888889,235.0,75.0,6232.0,0.0,0,0,0,0,0,0,0,0,0
89.91666666666667,325.5,46.916666666666664,91.33333333333333,14.833333333333334,3.4166666666666665,3.5,26.0,25.75,27.75,52.5,2.0833333333333335,4.75,89.91666666666667,185.0,72.0,4107.0,0.0,0,0,0,0,0,0,0,0,0
107.05555555555556,400.77777777777777,56.05555555555556,119.0,19.333333333333332,1.7777777777777777,5.777777777777778,40.166666666666664,4.5,23.833333333333332,29.88888888888889,5.611111111111111,4.777777777777778,107.05555555555556,190.0,69.0,5566.0,0.0,0,0,0,0,0,0,0,0,0
107.58823529411765,358.3529411764706,52.94117647058823,97.88235294117646,22.294117647058822,0.5882352941176471,16.176470588235293,62.64705882352941,1.1764705882352942,55.05882352941177,85.47058823529412,4.352941176470588,0.058823529411764705,107.58823529411765,215.0,74.0,5868.0,0.0,0,0,0,0,0,0,0,0,0
100.9090909090909,381.0,49.0,110.81818181818181,22.90909090909091,2.1818181818181817,7.909090909090909,44.45454545454545,3.3636363636363638,27.90909090909091,46.27272727272727,2.090909090909091,2.1818181818181817,111.0,190.0,73.0,3450.0,0.0,0,0,0,0,0,0,0,0,0
151.6,569.6666666666666,106.6,177.73333333333332,38.86666666666667,1.0666666666666667,37.333333333333336,113.2,6.866666666666666,77.66666666666667,65.2,6.533333333333333,0.06666666666666667,151.6,230.0,75.0,5298.0,0.0,0,0,0,0,0,0,0,0,0
77.53333333333333,216.86666666666667,28.066666666666666,53.2,9.4,1.8,1.2666666666666666,17.533333333333335,6.933333333333334,25.733333333333334,43.4,0.2,4.2,83.07142857142857,195.0,69.0,4766.0,0.0,0,0,0,0,0,0,0,0,0
36.23076923076923,103.53846153846153,7.3076923076923075,24.23076923076923,4.6923076923076925,0.15384615384615385,1.5384615384615385,9.76923076923077,0.07692307692307693,3.6153846153846154,22.615384615384617,1.1538461538461537,0.8461538461538461,38.63636363636363,210.0,70.0,4042.0,0.0,0,0,0,0,0,0,0,0,0
14.8,34.6,2.4,6.9,1.8,0.0,0.3,3.4,0.1,2.2,8.5,0.5,0.4,14.8,215.0,73.0,3661.0,0.0,0,0,0,0,0,0,0,0,0
109.7,406.8,54.9,115.15,24.75,1.2,19.3,70.85,1.45,31.65,61.9,6.35,0.15,109.7,205.0,73.0,6339.0,0.0,0,0,0,0,0,0,0,0,0
110.66666666666667,423.1666666666667,73.41666666666667,125.25,26.25,2.5833333333333335,17.5,58.916666666666664,22.25,43.916666666666664,78.83333333333333,4.666666666666667,0.9166666666666666,120.72727272727273,225.0,74.0,3627.0,0.0,0,0,0,0,0,0,0,0,0
109.61904761904762,392.57142857142856,73.52380952380952,122.57142857142857,26.047619047619047,0.9523809523809523,26.428571428571427,87.19047619047619,1.8095238095238095,63.285714285714285,86.33333333333333,5.190476190476191,0.09523809523809523,109.61904761904762,225.0,72.0,6425.0,0.0,0,0,0,0,0,0,0,0,0
27.357142857142858,53.714285714285715,7.928571428571429,11.428571428571429,3.357142857142857,0.14285714285714285,2.142857142857143,7.5,0.42857142857142855,6.285714285714286,19.571428571428573,0.6428571428571429,0.6428571428571429,32.1,200.0,74.0,4378.0,0.0,0,0,0,0,0,0,0,0,0
134.5,508.875,75.0,145.4375,27.25,1.8125,8.75,57.6875,18.375,44.875,73.875,1.9375,6.1875,134.5,200.0,73.0,5619.0,0.0,0,0,0,0,0,0,0,0,0
111.57142857142857,469.14285714285717,73.57142857142857,136.0,24.071428571428573,8.357142857142858,8.428571428571429,44.357142857142854,34.214285714285715,35.285714285714285,53.357142857142854,0.6428571428571429,3.142857142857143,111.57142857142857,195.0,72.0,4499.0,0.0,0,0,0,0,0,0,0,0,0
120.78571428571429,458.5,63.214285714285715,127.0,26.714285714285715,4.5,12.071428571428571,56.714285714285715,18.071428571428573,28.571428571428573,79.78571428571429,3.2142857142857144,0.14285714285714285,127.91666666666667,210.0,77.0,4147.0,0.0,0,0,0,0,0,0,0,0,0
81.38461538461539,267.0,32.69230769230769,73.07692307692308,14.0,0.3076923076923077,10.153846153846153,41.46153846153846,1.3076923076923077,19.46153846153846,34.46153846153846,1.5384615384615385,0.3076923076923077,88.16666666666667,220.0,74.0,4047.0,0.0,0,0,0,0,0,0,0,0,0
21.0,60.888888888888886,5.666666666666667,14.555555555555555,3.5555555555555554,0.1111111111111111,1.4444444444444444,7.666666666666667,0.3333333333333333,4.777777777777778,13.11111111111111,0.8888888888888888,0.2222222222222222,21.0,220.0,73.0,3531.0,0.0,0,0,0,0,0,0,0,0,0
47.714285714285715,130.42857142857142,9.571428571428571,27.571428571428573,6.428571428571429,0.2857142857142857,2.857142857142857,13.142857142857142,0.14285714285714285,7.428571428571429,35.857142857142854,1.1428571428571428,1.7142857142857142,47.714285714285715,215.0,70.0,4028.0,0.0,0,0,0,0,0,0,0,0,0
101.28571428571429,395.07142857142856,60.714285714285715,109.07142857142857,26.214285714285715,2.7857142857142856,6.928571428571429,38.714285714285715,20.357142857142858,43.5,60.285714285714285,0.9285714285714286,3.4285714285714284,101.28571428571429,175.0,69.0,4792.0,0.0,0,0,0,0,0,0,0,0,0
129.47619047619048,492.42857142857144,95.33333333333333,146.1904761904762,25.761904761904763,1.4761904761904763,32.714285714285715,97.85714285714286,15.523809523809524,63.04761904761905,105.71428571428571,8.333333333333334,0.7619047619047619,129.47619047619048,225.0,75.0,7758.0,0.0,0,0,0,0,0,0,0,0,0
110.56521739130434,417.04347826086956,58.869565217391305,123.65217391304348,24.869565217391305,2.217391304347826,13.521739130434783,57.91304347826087,5.521739130434782,22.304347826086957,64.08695652173913,2.5217391304347827,1.3478260869565217,110.56521739130434,205.0,69.0,7405.0,0.0,0,0,0,0,0,0,0,0,0
107.26315789473684,389.36842105263156,63.73684210526316,109.3157894736842,27.210526315789473,2.263157894736842,16.63157894736842,67.73684210526316,6.2105263157894735,47.31578947368421,74.21052631578948,6.684210526315789,0.05263157894736842,107.26315789473684,245.0,76.0,5907.0,0.0,0,0,0,0,0,0,0,0,0
139.625,571.5625,87.25,151.375,31.4375,7.125,14.3125,58.0,29.0625,49.8125,76.9375,2.375,2.625,139.625,175.0,67.0,5494.0,0.0,0,0,0,0,0,0,0,0,0
123.45454545454545,397.6363636363636,55.72727272727273,108.45454545454545,24.272727272727273,1.6363636363636365,12.363636363636363,48.72727272727273,6.090909090909091,23.727272727272727,83.0909090909091,11.454545454545455,2.8181818181818183,123.45454545454545,210.0,72.0,3727.0,0.0,0,0,0,0,0,0,0,0,0
102.1,321.3,37.0,85.5,20.7,0.7,6.5,38.9,2.1,36.2,42.8,6.9,2.6,102.1,205.0,70.0,3437.0,0.0,0,0,0,0,0,0,0,0,0
70.76923076923077,187.3846153846154,22.692307692307693,45.53846153846154,6.538461538461538,1.3846153846153846,2.3076923076923075,16.46153846153846,2.3076923076923075,15.615384615384615,32.30769230769231,4.230769230769231,6.461538461538462,70.76923076923077,185.0,71.0,4516.0,0.0,0,0,0,0,0,0,0,0,0
80.61538461538461,243.46153846153845,21.846153846153847,60.07692307692308,12.846153846153847,0.6923076923076923,5.153846153846154,29.76923076923077,0.3076923076923077,25.46153846153846,40.46153846153846,1.6923076923076923,2.0,80.61538461538461,210.0,73.0,4472.0,0.0,0,0,0,0,0,0,0,0,0
99.35714285714286,349.07142857142856,48.785714285714285,96.78571428571429,19.214285714285715,1.5,5.5,36.357142857142854,3.9285714285714284,33.857142857142854,40.714285714285715,1.5714285714285714,4.142857142857143,107.0,185.0,70.0,4386.0,0.0,0,0,0,0,0,0,0,0,0
91.75,345.5833333333333,55.0,91.5,21.0,3.9166666666666665,12.5,43.166666666666664,11.916666666666666,40.25,79.33333333333333,5.583333333333333,0.6666666666666666,100.0909090909091,205.0,74.0,4091.0,0.0,0,0,0,0,0,0,0,0,0
65.0,189.72727272727272,20.636363636363637,42.45454545454545,8.909090909090908,0.09090909090909091,7.0,27.09090909090909,0.0,28.09090909090909,50.90909090909091,2.272727272727273,1.4545454545454546,65.0,235.0,76.0,3325.0,0.0,0,0,0,0,0,0,0,0,0
116.17647058823529,455.88235294117646,67.76470588235294,123.23529411764706,28.294117647058822,1.8235294117647058,24.235294117647058,68.17647058823529,17.0,29.176470588235293,106.05882352941177,5.0588235294117645,0.5294117647058824,121.6,195.0,73.0,5408.0,0.0,0,0,0,0,0,0,0,0,0
58.30769230769231,184.76923076923077,22.46153846153846,45.38461538461539,10.846153846153847,0.3076923076923077,7.769230769230769,26.384615384615383,0.23076923076923078,23.153846153846153,49.38461538461539,1.2307692307692308,0.38461538461538464,68.9090909090909,235.0,73.0,3658.0,0.0,0,0,0,0,0,0,0,0,0
86.13636363636364,236.54545454545453,35.0,62.09090909090909,13.363636363636363,0.5909090909090909,12.045454545454545,40.86363636363637,1.3636363636363635,32.59090909090909,51.0,2.590909090909091,0.22727272727272727,86.13636363636364,200.0,69.0,6993.0,0.0,0,0,0,0,0,0,0,0,0
40.44444444444444,104.44444444444444,9.444444444444445,24.88888888888889,4.111111111111111,0.0,0.8888888888888888,8.444444444444445,0.6666666666666666,8.555555555555555,17.0,1.5555555555555556,2.2222222222222223,40.44444444444444,210.0,76.0,3311.0,0.0,0,0,0,0,0,0,0,0,0
116.4,436.6,70.4,118.86666666666666,26.133333333333333,1.2,26.266666666666666,83.6,1.6,58.06666666666667,89.06666666666666,7.266666666666667,0.0,116.4,225.0,75.0,4530.0,0.0,0,0,0,0,0,0,0,0,0
127.70588235294117,496.11764705882354,72.3529411764706,141.58823529411765,27.529411764705884,1.3529411764705883,18.058823529411764,76.58823529411765,5.0,32.529411764705884,63.470588235294116,7.176470588235294,1.3529411764705883,127.70588235294117,220.0,69.0,5827.0,0.0,0,0,0,0,0,0,0,0,0
64.0,182.7,25.6,45.0,8.3,0.4,11.5,30.1,0.3,15.9,51.0,1.4,0.0,64.0,220.0,74.0,3313.0,0.0,0,0,0,0,0,0,0,0,0
101.72,336.88,63.32,93.12,18.04,1.04,24.48,67.96,0.76,69.88,101.92,2.76,0.04,110.56521739130434,250.0,76.0,7700.0,0.0,0,0,0,0,0,0,0,0,0
72.22222222222223,212.22222222222223,30.77777777777778,51.333333333333336,12.555555555555555,3.2222222222222223,3.5555555555555554,19.333333333333332,8.555555555555555,22.77777777777778,52.888888888888886,1.2222222222222223,2.111111111111111,72.22222222222223,195.0,70.0,4154.0,0.0,0,0,0,0,0,0,0,0,0
56.6875,179.6875,19.125,46.0625,10.125,0.75,3.5,21.1875,1.1875,13.875,34.0,1.875,2.4375,64.78571428571429,200.0,71.0,4403.0,0.0,0,0,0,0,0,0,0,0,0
93.8,270.6,31.7,74.1,17.2,0.9,8.6,35.8,1.1,23.3,47.3,1.9,0.3,93.8,205.0,73.0,3447.0,0.0,0,0,0,0,0,0,0,0,0
99.0,369.09090909090907,62.81818181818182,109.45454545454545,21.09090909090909,2.1818181818181817,17.545454545454547,61.27272727272727,5.090909090909091,40.81818181818182,68.63636363636364,3.727272727272727,0.9090909090909091,99.0,215.0,75.0,3322.0,0.0,0,0,0,0,0,0,0,0,0
122.36363636363636,432.6363636363636,69.0,104.45454545454545,21.636363636363637,1.6363636363636365,21.363636363636363,64.18181818181819,2.3636363636363638,56.90909090909091,121.9090909090909,6.363636363636363,1.0909090909090908,134.6,210.0,71.0,3470.0,0.0,0,0,0,0,0,0,0,0,0
120.0,425.72727272727275,59.90909090909091,103.9090909090909,22.454545454545453,2.6363636363636362,13.090909090909092,47.72727272727273,24.818181818181817,50.18181818181818,127.81818181818181,2.0,1.9090909090909092,120.0,185.0,75.0,4080.0,0.0,0,0,0,0,0,0,0,0,0
103.11764705882354,348.4117647058824,41.470588235294116,89.3529411764706,18.470588235294116,2.5294117647058822,11.294117647058824,46.529411764705884,2.823529411764706,21.941176470588236,69.11764705882354,2.5294117647058822,3.7058823529411766,103.11764705882354,245.0,72.0,5283.0,0.0,0,0,0,0,0,0,0,0,0
113.21428571428571,419.42857142857144,68.78571428571429,117.71428571428571,25.357142857142858,3.5714285714285716,16.857142857142858,66.07142857142857,10.214285714285714,45.357142857142854,70.5,12.785714285714286,0.2857142857142857,113.21428571428571,190.0,73.0,4566.0,0.0,0,0,0,0,0,0,0,0,0
103.06666666666666,339.93333333333334,44.266666666666666,87.13333333333334,20.4,0.9333333333333333,12.866666666666667,50.46666666666667,1.6666666666666667,40.93333333333333,81.06666666666666,4.066666666666666,1.4666666666666666,103.06666666666666,230.0,74.0,5114.0,0.0,0,0,0,0,0,0,0,0,0
92.78571428571429,330.7142857142857,52.214285714285715,91.0,16.5,5.0,7.714285714285714,34.92857142857143,16.5,27.214285714285715,44.714285714285715,5.785714285714286,3.7142857142857144,99.92307692307692,190.0,69.0,4568.0,0.0,0,0,0,0,0,0,0,0,0
123.66666666666667,441.0833333333333,60.208333333333336,119.875,19.0,3.2083333333333335,3.3333333333333335,39.625,16.833333333333332,42.833333333333336,45.291666666666664,2.0416666666666665,10.666666666666666,123.66666666666667,180.0,69.0,8584.0,0.0,0,0,0,0,0,0,0,0,0
98.25,345.0,57.583333333333336,85.25,17.0,2.6666666666666665,12.5,36.583333333333336,10.5,41.75,93.91666666666667,10.583333333333334,0.75,98.25,220.0,70.0,4288.0,0.0,0,0,0,0,0,0,0,0,0
115.4,442.8,62.0,119.6,25.266666666666666,2.2666666666666666,18.0,63.86666666666667,7.266666666666667,31.466666666666665,63.733333333333334,2.066666666666667,0.13333333333333333,115.4,230.0,73.0,5144.0,0.0,0,0,0,0,0,0,0,0,0
105.38461538461539,362.0769230769231,58.76923076923077,98.46153846153847,20.153846153846153,1.6153846153846154,15.23076923076923,53.92307692307692,9.461538461538462,50.61538461538461,95.53846153846153,4.538461538461538,0.3076923076923077,105.38461538461539,240.0,77.0,4781.0,0.0,0,0,0,0,0,0,0,0,0
97.28571428571429,319.92857142857144,39.857142857142854,83.57142857142857,17.5,1.0,12.071428571428571,42.42857142857143,3.0,26.5,63.642857142857146,3.857142857142857,0.42857142857142855,97.28571428571429,215.0,72.0,4068.0,0.0,0,0,0,0,0,0,0,0,0
95.58333333333333,326.0,47.0,82.33333333333333,18.0,1.25,16.25,52.666666666666664,2.9166666666666665,46.083333333333336,86.33333333333333,9.333333333333334,0.16666666666666666,104.27272727272727,230.0,74.0,3736.0,0.0,0,0,0,0,0,0,0,0,0
97.85714285714286,349.2857142857143,40.357142857142854,92.42857142857143,17.357142857142858,2.4285714285714284,4.357142857142857,30.428571428571427,3.0714285714285716,19.285714285714285,44.214285714285715,2.5714285714285716,7.428571428571429,105.38461538461539,200.0,72.0,4119.0,0.0,0,0,0,0,0,0,0,0,0
50.69230769230769,131.23076923076923,16.23076923076923,31.384615384615383,6.6923076923076925,1.0769230769230769,2.5384615384615383,14.692307692307692,0.6923076923076923,10.538461538461538,30.76923076923077,0.9230769230769231,1.3076923076923077,50.69230769230769,190.0,72.0,4495.0,0.0,0,0,0,0,0,0,0,0,0
128.83333333333334,488.25,77.58333333333333,145.5,31.833333333333332,2.1666666666666665,19.583333333333332,79.66666666666667,16.083333333333332,61.25,103.08333333333333,3.75,0.0,128.83333333333334,205.0,72.0,4092.0,0.0,0,0,0,0,0,0,0,0,0
96.45454545454545,340.8181818181818,59.36363636363637,95.72727272727273,23.09090909090909,1.6363636363636365,13.636363636363637,56.18181818181818,2.3636363636363638,49.0,75.27272727272727,9.454545454545455,0.0,106.1,220.0,73.0,3316.0,0.0,0,0,0,0,0,0,0,0,0
113.0,377.3636363636364,53.81818181818182,88.81818181818181,23.272727272727273,1.9090909090909092,15.363636363636363,48.0,12.090909090909092,41.63636363636363,95.45454545454545,2.727272727272727,1.4545454545454546,124.3,200.0,74.0,3333.0,0.0,0,0,0,0,0,0,0,0,0
131.33333333333334,527.8666666666667,75.8,158.33333333333334,29.4,4.0,12.333333333333334,68.66666666666667,6.0,38.333333333333336,82.33333333333333,1.4666666666666666,1.6666666666666667,140.23076923076923,200.0,73.0,4748.0,0.0,0,0,0,0,0,0,0,0,0
117.54545454545455,453.54545454545456,66.63636363636364,128.36363636363637,29.09090909090909,1.7272727272727273,18.181818181818183,71.18181818181819,3.3636363636363638,46.36363636363637,89.36363636363636,1.8181818181818181,0.09090909090909091,117.54545454545455,220.0,75.0,3658.0,0.0,0,0,0,0,0,0,0,0,0
108.18181818181819,392.45454545454544,58.27272727272727,104.0909090909091,24.09090909090909,3.1818181818181817,11.545454545454545,51.54545454545455,9.545454545454545,54.90909090909091,68.81818181818181,2.0,1.7272727272727273,108.18181818181819,210.0,75.0,3351.0,0.0,0,0,0,0,0,0,0,0,0
